Volkswagen AG,12/31/2017,9750496618,516889818.4,21354201295,54861302788,33507101493,942175618,1542627668,637303746
Siemens AG,12/31/2017,19716237464,1276840007,45009303223,75268101508,30258798286,1696389282,4219731382,1487478214
Allianz SE,12/31/2017,19458831198,1600107100,48538978480,69583711255,21044732775,2299542624,7603361452,2306466848
BMW AG,12/31/2017,18808147150,960184349.6,35382107627,67327482638,31945375011,142614028,3005706927,1107581539
BASF SE,12/31/2017,16895580815,1797081911,28309420014,68036567115,39727147101,2641347127,4523561449,71259635
Deutsche Telekom AG,12/31/2017,11505351408,1425682028,36680109736,61941763399,25261653663,2301649081,5643660732,1452007467
Daimler AG,12/31/2017,17133317238,1743084807,19707492188,56381587968,36674095780,309158516,4752904659,537368182
SAP SE,12/31/2017,17560385805,2276360916,40828269592,73785136305,32956866713,3085121245,6907091429,123883954
Bayer AG,12/31/2017,18251254610,2670535587,16524775630,29169852309,12645076680,915512207,2111917274,130681498
Deutsche Bank AG,12/31/2017,9318303083,958508333.7,11123712659,49692010679,38568298020,1928898269,2485223313,288415959
Porsche AG,12/31/2017,12119018742,894091080.3,28361763209,73909302825,45547539617,120971386,1962984363,622684857
Merck KGaA,12/31/2017,11760953647,812341476,29296072481,51828662312,22532589831,1567359526,3605184677,130016446
Volkswagen AG,12/31/2018,15132692627,1296423798,22603216585,52612061095,30008844510,2464119008,432013901,753218491
Siemens AG,12/31/2018,9738110535,1128540207,47796930083,86681431720,38884501637,1301939971,2902287954,1229202589
Allianz SE,12/31/2018,11358222175,1091045445,25112465464,47584136480,22471671016,229287642,4855203888,1117516603
BMW AG,12/31/2018,6557505339,618883604.9,33315961378,60538144207,27222182829,1022303562,2273453267,1223853414
BASF SE,12/31/2018,10270182691,708863277.1,42708053991,57050114588,14342060597,124252735,4942548334,2977818543
Deutsche Telekom AG,12/31/2018,15273880507,1698666925,35514608139,56589637247,21075029108,3001727892,8060092903,1685151084
Daimler AG,12/31/2018,14737735881,1726421482,41539802392,60496305967,18956503575,2853763473,9107278014,2191321951
SAP SE,12/31/2018,10184334320,1365996842,44932510908,90595603440,45663092533,1507795953,299146809,98400061
Bayer AG,12/31/2018,18541451915,2242441772,28896911499,58238408654,29341497155,3850451659,7642560842,984847888
Deutsche Bank AG,12/31/2018,8808021584,1274941171,36770248755,55390246152,18619997397,2301743104,6847160844,197477196
Porsche AG,12/31/2018,7955302121,939711762.4,35954156213,65117507958,29163351745,1443101543,3222235121,1232854047
Merck KGaA,12/31/2018,14241334382,1165009578,37401670447,71252783664,33851113217,1635037283,3441569472,1104887458
Volkswagen AG,12/31/2019,15448794996,1760261975,43856467673,93429721556,49573253883,1884049257,3550830008,884680029
Siemens AG,12/31/2019,12841952642,1411970100,29126693633,55130546327,26003852694,2561139322,5429849634,1120091472
Allianz SE,12/31/2019,15508664175,1417702229,18132341778,46620472331,28488130553,3040943514,4976466345,636487598
BMW AG,12/31/2019,8859340166,1144565565,40538252302,78168514026,37630261724,1464228377,3041609365,1077277979
BASF SE,12/31/2019,17877114298,1224635136,31860731568,65500282723,33639551155,1869663892,3640462175,947121185
Deutsche Telekom AG,12/31/2019,15796654133,805016265.8,11494162751,47776069193,36281906442,1684978022,2218781604,31680151
Daimler AG,12/31/2019,10937481164,1145842379,19578678306,31178454239,11599775933,3675109647,9878142355,1687849698
SAP SE,12/31/2019,8046709255,662165230.7,39424977655,89177961232,49752983577,742521158,1330905572,79241434
Bayer AG,12/31/2019,17402979577,1387637302,31887265220,61548783018,29661517798,2254532476,467824105,1075038217
Deutsche Bank AG,12/31/2019,9814156310,576451352.5,25131659304,46301105258,21169445954,1245005598,2723034669,1187166606
Porsche AG,12/31/2019,15806884536,845076735.9,34376508276,55201546863,20825038587,1530893216,405798401,1650729632
Merck KGaA,12/31/2019,17666094987,1547381835,47717175754,76466035769,28748860015,2023619793,5382411109,1659793666
Volkswagen AG,12/31/2020,6074909806,875656602.5,42262965768,80569106208,38306140440,1086839167,2285943174,1103294806
Siemens AG,12/31/2020,17731550761,1893885668,10137976567,39067986912,28930010345,4847666382,6546439648,350431142
Allianz SE,12/31/2020,10098889889,1161225924,39497490703,77791788915,38294298213,1492735853,3032372908,1031419625
BMW AG,12/31/2020,6940311223,962499322.1,29150494667,41331347093,12180852427,2328739298,7901740276,2393140779
BASF SE,12/31/2020,11583572658,1407524593,37122614462,82673694404,45551079942,1702505982,3089991707,814966725
Deutsche Telekom AG,12/31/2020,19614896783,1231038198,45625478678,94598230353,48972751675,1301333221,2513720704,931650298
Daimler AG,12/31/2020,8582626126,482111535,40109942612,86478204177,46368261566,55749485,1039744685,865030115
SAP SE,12/31/2020,9687560178,1027662516,40817136100,65594337613,24777201513,1566693946,4147613343,1647366676
Bayer AG,12/31/2020,14954913916,1086100755,49223539015,87910824435,38687285420,1235457365,2807384243,1272344091
Deutsche Bank AG,12/31/2020,16454038855,1761523797,29090502114,64555499757,35464997643,2728696708,4966936173,820259525
Porsche AG,12/31/2020,14994514428,1118453310,13089516203,26894911034,13805394830,4158605723,8101566983,948145009
Merck KGaA,12/31/2020,5897253747,625948791.2,38506883950,51548729961,13041846011,1214285573,4799541343,2952563918
Volkswagen AG,12/31/2021,11544833810,1709962819,14660160673,40260511363,25600350690,4247245654,6679450762,572654682
Siemens AG,12/31/2021,15389996263,923394181.6,21808491986,40095375980,18286883994,2302994196,5049488923,1192575618
Allianz SE,12/31/2021,9380555380,1350100953,41223028779,68933524997,27710496218,195855493,4872164475,1487632284
BMW AG,12/31/2021,18321682480,1436804767,33230894855,73659285546,40428390691,1950609154,355394994,821969272
BASF SE,12/31/2021,18793891125,2702710428,12423193661,54396450621,41973256961,4968541876,6439124871,295978787
Deutsche Telekom AG,12/31/2021,18588737724,2116759905,15557689149,64787149652,49229460503,3267252713,429978286,316023962
Daimler AG,12/31/2021,19604996789,2406144332,39627936994,77954949919,38327012925,3086583128,6277933363,1033942746
SAP SE,12/31/2021,12465229611,800983300.4,28257880783,51866957482,23609076699,1544303617,3392692186,1196907492
Bayer AG,12/31/2021,13009192330,1451167596,31049801948,49482603845,18432801897,2932682364,7872745579,1684486283
Deutsche Bank AG,12/31/2021,10414516344,1120888368,33962234582,80244374780,46282140198,1396843544,2421859412,733808645
Porsche AG,12/31/2021,14047287806,1489899027,14851641486,42561319258,27709677772,3500594092,5376818307,535973085
Merck KGaA,12/31/2021,12917187369,1708731611,17319486583,43037893850,25718407267,3970295613,664400246,673427651
Volkswagen AG,12/31/2022,11168902003,587168043.4,20072750684,67464272122,47391521437,870339255,1238972765,423551515
Siemens AG,12/31/2022,16861000234,918419211.5,32873432607,81487723152,48614290545,1127064515,1889195957,676209243
Allianz SE,12/31/2022,16472180169,2043609431,34718393733,62464433746,27746040013,3271636847,736540937,125129185
BMW AG,12/31/2022,7382434260,1093800017,35338248318,45898916976,10560668658,2383062802,1035729888,3346213148
BASF SE,12/31/2022,13018762765,1704211990,11167034881,30031637051,18864602170,567472225,9033914282,591957083
Deutsche Telekom AG,12/31/2022,9420241101,990420474.4,12931047199,34081834188,21150786988,2906006963,4682664881,611374282
Daimler AG,12/31/2022,9363037363,704852259.1,34778269496,54701473950,19923204453,1288543449,3537845836,1745616253
SAP SE,12/31/2022,16805465254,1837934274,10102113588,37939001132,27836887544,4844445609,6602513558,362903847
Bayer AG,12/31/2022,19647577142,1826544478,10046371516,37513857859,27467486343,4868985975,6649842126,365755038
Deutsche Bank AG,12/31/2022,7252204354,949551701.2,44858188981,86269206025,41411017045,110068441,229299295,1083242871
Porsche AG,12/31/2022,5536870879,298030924.1,19445445005,30265348449,10819903444,984726558,275446935,1797192101
Merck KGaA,12/31/2022,7610452133,536310750.1,48688712492,88688270941,39999558449,604714405,1340791676,1217231249
Volkswagen AG,12/31/2023,16782030250,1481049554,32384571623,78417189252,46032617629,1888679725,3217391559,70351358
Siemens AG,12/31/2023,8282175431,459390813.5,28551545477,64407150986,35855605509,713260572,1281224531,796292381
Allianz SE,12/31/2023,13941085692,1722322782,32850325731,66248470463,33398144732,2599792523,5156941487,983597322
BMW AG,12/31/2023,8469619625,602960048.5,32716601950,78863289364,46146687414,764563656,1306616103,708969674
BASF SE,12/31/2023,12852011317,684110085.9,18179739764,53040583203,34860843439,1289786131,1962402565,521494547
Deutsche Telekom AG,12/31/2023,12752580163,884167446.6,28470052842,53978751141,25508698298,1637991669,3466140986,1116091951
Daimler AG,12/31/2023,5161220914,527374446.2,15838145692,51630867307,35792721615,1021432476,1473412533,442496267
SAP SE,12/31/2023,13414872686,1069408471,35679098743,80239095201,44559996459,1332777331,2399929435,800697971
Bayer AG,12/31/2023,15851738346,905684923,42371799830,52389418748,10017618918,1728755433,9040920106,422972766
Deutsche Bank AG,12/31/2023,12421650351,967097057.5,33786415736,79888234351,46101818615,1210562563,2097741665,73286514
Porsche AG,12/31/2023,16438581863,1419961878,19415830018,36726316966,17310486949,386633345,8202899676,1121622406
Merck KGaA,12/31/2023,17637490503,2103890014,44486109206,61628452463,17142343256,3413829051,1227305965,259510083
Volkswagen AG,12/31/2024,14186610709,2107123762,14632441063,32642980976,18010539913,6455059247,1169939253,812437669
Siemens AG,12/31/2024,8451674463,530013312.6,43381572844,83248031989,39866459145,636667678,1329471751,1088172207
Allianz SE,12/31/2024,7203400075,631684017.9,23852825717,41830939577,17978113860,1510088046,3513627863,13267702
BMW AG,12/31/2024,6152045684,707968936.5,29243056689,57427208762,28184152074,1232810982,2511939811,1037570923
BASF SE,12/31/2024,15113132584,1914494156,43259483243,88221659272,44962176029,2170095385,4258010455,962130552
Deutsche Telekom AG,12/31/2024,19139621006,2834016899,18313729720,41643539977,23329810257,6805417841,1214762087,784992656
Daimler AG,12/31/2024,16456922307,1492220093,48085311015,79618978403,31533667388,1874201507,4732148895,1524888001
SAP SE,12/31/2024,16754700510,923006607.2,49206362475,96053458782,46847096308,96093011,1970253612,105036099
Bayer AG,12/31/2024,5728072323,604515777.3,34398569588,80121015584,45722445996,754503388,1322142252,752334413
Deutsche Bank AG,12/31/2024,19852203756,2223753463,36451064643,76222443508,39771378864,2917452342,5591341126,916514983
Porsche AG,12/31/2024,13056746207,1500333956,33698449632,62560115073,28861665442,2398227615,519836237,1167585069
Merck KGaA,12/31/2024,18915504026,2413914962,30820597362,65357495789,34536898427,3693401855,6989379684,892396213
Volkswagen AG,3/31/2017,19695988685,1329397719,24520605687,58120450678,33599844991,2287314883,3956559082,729783298
Siemens AG,3/31/2017,19833452617,1519697640,16063730954,53272532961,37208802008,2852685156,4084242325,431718574
Allianz SE,3/31/2017,9164246774,981041952.6,19407851173,43999960378,24592109205,2229642809,3989255027,789190183
BMW AG,3/31/2017,18765462866,1081539894,34543581067,80126669599,45583088532,1349787655,2372677959,75781572
BASF SE,3/31/2017,16836243798,2100216671,19360624506,64506392372,45145767866,3255827204,4652078745,428846942
Deutsche Telekom AG,3/31/2017,13951553720,1348710564,21828517855,62780698314,40952180459,2148288567,3293379129,533024557
Daimler AG,3/31/2017,7142318181,980884827.4,33400146455,69867319792,36467173338,1403925083,2689774769,915896227
SAP SE,3/31/2017,6568715630,719090971.2,18570025227,65782612977,47212587750,1093132271,1523091628,393327841
Bayer AG,3/31/2017,13027840283,1127343336,48157761467,85094142147,36936380680,1324818968,3052121825,1303802933
Deutsche Bank AG,3/31/2017,14843015558,1680873545,14840428879,46770654578,31930225699,3593863632,5264208155,464776824
Porsche AG,3/31/2017,5883512064,440184439.5,47041623953,76926443805,29884819852,572214726,1472936567,1574097625
Merck KGaA,3/31/2017,6974057939,389688114,31405828053,49969368014,18563539961,779853997,2099212299,1691801678
Volkswagen AG,3/31/2018,15989256775,1291419013,42659096630,53863933584,11204836955,2397557934,1152554935,3807203693
Siemens AG,3/31/2018,10138254767,1262116952,45296373926,72972094010,27675720085,1729588508,45603762,163668276
Allianz SE,3/31/2018,17610247426,2015329868,40259793264,68504291957,28244498693,294190307,7135300541,1425403003
BMW AG,3/31/2018,7335760537,743322627.7,48776154787,95122657900,46346503113,781435931,1603837566,1052423624
BASF SE,3/31/2018,16240083291,1330285061,20620789244,35863861269,15243072025,3709263346,872714541,1352797468
Deutsche Telekom AG,3/31/2018,17427808963,1967928248,36127253691,72733202053,36605948363,2705680752,5375979415,986923036
Daimler AG,3/31/2018,8641226117,983139976.9,36665610699,59016046453,22350435755,1665885867,4398750824,164048751
SAP SE,3/31/2018,19774628627,1421900578,42095348780,63447988091,21352639311,224104912,6659132662,1971435389
Bayer AG,3/31/2018,6560227745,884011217.4,46074070728,59231903754,13157833026,1492457884,6718516763,3501645798
Deutsche Bank AG,3/31/2018,13740924616,1900766775,46035800087,57764409125,11728609038,3290550018,1620624209,3925086081
Porsche AG,3/31/2018,17555661518,1335299860,46994742351,88007178782,41012436432,1517262431,3255841341,1145865655
Merck KGaA,3/31/2018,9318197850,641817429.8,48172882387,65628926423,17456044036,977949,3676763352,2759667785
Volkswagen AG,3/31/2019,14907937768,1438598483,20854112480,54405171112,33551058632,2644231152,4287788646,621563472
Siemens AG,3/31/2019,11643264079,1453293868,35825693285,75665486452,39839793167,1920682647,3647844912,899243958
Allianz SE,3/31/2019,11744716344,1284599881,31388781794,60735397643,29346615849,2115076103,4377335663,1069587783
BMW AG,3/31/2019,15132523755,1022601951,38023980809,86825852703,48801871894,1177762059,2095415424,779150048
BASF SE,3/31/2019,13827496449,1133835190,46117811894,82240340578,36122528684,1378684939,3138858853,127670497
Deutsche Telekom AG,3/31/2019,17933328881,1112803764,47538352610,96220600130,48682247520,1156513016,2285851252,976502833
Daimler AG,3/31/2019,11018589464,1097018126,21597719176,57241727973,35644008796,1916465776,3077706922,605928455
SAP SE,3/31/2019,18300753695,989934361.3,24181084351,42408075770,18226991420,2334306245,5431145154,1326663507
Bayer AG,3/31/2019,15790567330,951709509,15068249757,54818573513,39750323756,1736107761,2394218258,379072378
Deutsche Bank AG,3/31/2019,11192425819,1563079220,10546244209,38688850201,28142605992,4040128387,5554138164,374742986
Porsche AG,3/31/2019,12923331618,1676027156,26939537534,57056948432,30117410898,2937463714,5564977554,894483846
Merck KGaA,3/31/2019,19217681417,2238884002,12733925598,36970270841,24236345242,6055903707,9237712947,525406181
Volkswagen AG,3/31/2020,15933280023,1743770422,44490184859,59864740520,15374555661,2912850548,1134192402,289375419
Siemens AG,3/31/2020,15947068708,835207323,19623471264,54178518349,34555047086,1541583913,241703425,567890161
Allianz SE,3/31/2020,9263668849,635671166.8,12187372783,46576570031,34389197248,1364787416,1848461778,354395385
BMW AG,3/31/2020,12864732630,1045458883,40800355871,78928197945,38127842074,1324569559,2741982831,1070093497
BASF SE,3/31/2020,9927936838,1197785480,37635556954,86394249061,48758692107,138641807,2456557854,7718738
Deutsche Telekom AG,3/31/2020,17673360637,1501884164,32122639453,73938353262,41815713810,2031265369,3591674104,768195411
Daimler AG,3/31/2020,17781237366,1179606125,18447303156,42728183777,24280880621,2760721427,4858168628,759746051
SAP SE,3/31/2020,9236017256,529982877.3,48081211472,96574017987,48492806515,548784123,10929103,991512245
Bayer AG,3/31/2020,14107423353,1367599932,13615077246,27849556029,14234478784,4910670497,9607657241,956485829
Deutsche Bank AG,3/31/2020,11812773682,980285159.4,44322011186,92083567435,47761556249,1064560363,2052456487,927985071
Porsche AG,3/31/2020,10779438774,1358943185,33525281805,71745524050,38220242245,189411563,3555558796,877160369
Merck KGaA,3/31/2020,15236467952,894574066,36909348765,72030787429,35121438664,1241932926,2547088331,1050906517
Volkswagen AG,3/31/2021,19710269369,1137314233,36066540496,64427162211,28360621715,1765271344,4010187943,1271711913
Siemens AG,3/31/2021,18942636889,1771268697,15918566390,49830943520,33912377129,3554555808,5223074426,469402848
Allianz SE,3/31/2021,8226780982,522858114.5,39148815906,54906293986,15757478080,952273549,3318158603,2484459487
BMW AG,3/31/2021,8417325544,742678238,36333752143,50307101979,13973349836,147628905,5314962029,2600217741
BASF SE,3/31/2021,6644620233,990744714.5,21424039042,52878014917,31453975875,1873642035,314982347,681123402
Deutsche Telekom AG,3/31/2021,6356573780,831921707.3,22622163266,70081083207,47458919941,1187084544,1752930131,476668312
Daimler AG,3/31/2021,17838709007,1559286116,42906482998,53748741344,10842258346,2901065359,1438156209,3957338188
SAP SE,3/31/2021,6588278496,731216298.1,11461577968,53638409260,42176831292,1363232632,1733691877,271750571
Bayer AG,3/31/2021,15481381698,1813221637,20090535950,39516175321,19425639371,4588555503,933416709,1034227784
Deutsche Bank AG,3/31/2021,8720665039,1028066418,14173153454,61397948008,47224794554,1674431233,2176963241,300121019
Porsche AG,3/31/2021,7884337935,1152213820,19342832660,61176556532,41833723872,1883423791,2754270272,462374153
Merck KGaA,3/31/2021,14786170161,1680074258,26820455279,61714717112,34894261833,2722323518,4814757986,768620795
Volkswagen AG,3/31/2022,17383281301,2467286454,26847350661,44033610784,17186260123,5603189041,1435615681,1562140365
Siemens AG,3/31/2022,7786480387,484400549.7,33021752886,60040484961,27018732075,806789869,1792832278,122217996
Allianz SE,3/31/2022,16640634818,2400803163,16356578486,32583061956,16226483469,7368255218,1479558505,100801745
BMW AG,3/31/2022,11652663475,1123917078,30713910663,55316480279,24602569617,2031794272,4568291423,1248402551
BASF SE,3/31/2022,7020216669,504888024.6,19566830326,62928514411,43361684085,802319949,1164364427,451247011
Deutsche Telekom AG,3/31/2022,6523953565,440649540.1,18792941935,60677034815,41884092879,726221282,1052068959,448689243
Daimler AG,3/31/2022,13358841713,1013271417,43437924866,86840936189,43403011323,1166813097,2334564784,1000804404
SAP SE,3/31/2022,14896500404,1471513321,30918779103,51643572423,20724793320,2849363924,7100255712,1491873942
Bayer AG,3/31/2022,9090799678,904181650.9,49055627276,76658563614,27602936339,1179492034,3275671979,1777188726
Deutsche Bank AG,3/31/2022,15495522952,1232326295,38566723026,72355738353,33789015327,1703149361,3647121064,1141398252
Porsche AG,3/31/2022,10774855240,975556879.2,15417730087,40879706571,25461976485,2386408712,3831426362,605519768
Merck KGaA,3/31/2022,7570645554,419794972.7,36325434183,64924945929,28599511746,646585017,1467839648,127014176
Volkswagen AG,3/31/2023,13460197722,1122578628,37590881745,71858135493,34267253748,1562215079,3275951543,1096991373
Siemens AG,3/31/2023,13888922534,1095226689,47947497289,70943083888,22995586599,1543810374,4762769081,2085073894
Allianz SE,3/31/2023,14581130415,1529637744,32236390204,47068791910,14832401705,3249791809,1031281228,2173376291
BMW AG,3/31/2023,19456335114,2009563555,47081333393,64537094762,17455761369,3113811618,1151232256,2697180169
BASF SE,3/31/2023,9496852852,691692392.2,36704020555,77712763784,41008743229,890062788,1686694928,895029149
Deutsche Telekom AG,3/31/2023,10942719196,1439735669,35021279445,51489159430,16467879985,279619183,8742689833,2126641649
Daimler AG,3/31/2023,13197347212,691428622,43343894473,57721074868,14377180395,1197878979,4809208781,3014770162
SAP SE,3/31/2023,14505450248,863046066.9,22921333603,46384701674,23463368071,1860626534,3678270163,976898693
Bayer AG,3/31/2023,15711957620,2201969781,29454258021,71356904907,41902646886,3085853826,5254965841,702921181
Deutsche Bank AG,3/31/2023,7317098693,887813882.3,23138553563,72645962598,49507409035,1222110425,1793294983,467375571
Porsche AG,3/31/2023,8880891013,668545569.7,40027402595,66992846031,26965443436,997935764,247926785,1484396231
Merck KGaA,3/31/2023,18085416710,2126765225,44629946816,61554558843,16924612027,3455089704,1256610918,2636984927
Volkswagen AG,3/31/2024,7309084994,1039334580,30910642675,64531416585,33620773909,161058696,3091346389,91939117
Siemens AG,3/31/2024,15785741204,1106822544,13225063565,51661794785,38436731220,2142439202,287959592,344073576
Allianz SE,3/31/2024,18801502624,1006058196,48264388990,86904149774,38639760784,1157664161,2603686398,1249086123
BMW AG,3/31/2024,15848632086,2129654605,38842203399,87315704066,48473500667,2439028154,4393440901,80130799
BASF SE,3/31/2024,19756965859,1431835601,10848294146,60234434421,49386140275,2377104749,2899266055,219662725
Deutsche Telekom AG,3/31/2024,16377852382,1007117429,43228375752,78855235024,35626859272,1277172567,2826848759,1213364766
Daimler AG,3/31/2024,17637310202,1618745275,24936555962,37936073156,12999517193,4267034357,124523492,1918267855
SAP SE,3/31/2024,13351789947,761306516.2,45369290420,94052696634,48683406213,809446771,1563790571,931925146
Bayer AG,3/31/2024,10194351917,1512864021,26311852797,62689824382,36377971585,2413252926,4158736606,723290817
Deutsche Bank AG,3/31/2024,19417487313,2333015849,28301209342,55585382174,27284172832,4197175153,8550802927,1037275695
Porsche AG,3/31/2024,12668426079,744579528.3,33183980227,53340703796,20156723569,1395893708,3693951181,1646298324
Merck KGaA,3/31/2024,18818295502,2691544192,27944602045,74405164472,46460562427,3617415823,5793180392,601469302
Volkswagen AG,6/30/2017,7201825633,722080990.6,27556950386,53860356064,26303405678,1340653949,2745199612,1047657126
Siemens AG,6/30/2017,9065572324,736570414.4,47957169639,95650487131,47693317491,770064468,1544389137,1005532267
Allianz SE,6/30/2017,14340884258,1865680236,22448503705,35401436947,12952933241,5270069233,1440353472,1733082637
BMW AG,6/30/2017,10211703797,526461438.3,13575717212,61177654063,47601936851,860545319,1105966423,285192539
BASF SE,6/30/2017,16139422505,1276985447,16542748372,53339154988,36796406616,2394086384,3470408021,449575105
Deutsche Telekom AG,6/30/2017,15409119271,924345905.8,44651352138,77649206644,32997854506,1190412556,2801230321,1353159252
Daimler AG,6/30/2017,10611576433,1197653535,31728621908,65800353827,34071731919,1820132363,3515094384,931230088
SAP SE,6/30/2017,6644029236,744873003.7,11294935497,23437806831,12142871334,317808321,6134241097,930170072
Bayer AG,6/30/2017,8439918128,854234127.5,26356391355,61242421820,34886030465,139484054,2448642382,755499866
Deutsche Bank AG,6/30/2017,19544012256,2752792674,13706520368,55551723268,41845202900,4955368641,6578514343,327552967
Porsche AG,6/30/2017,11523447744,1069672005,31531931981,51328720570,19796788588,2083963896,5403260231,1592780154
Merck KGaA,6/30/2017,11003803134,1050945998,30579291828,50859030282,20279738454,2066390162,5182246312,1507874073
Volkswagen AG,6/30/2018,6601886883,674015397.4,48397997453,95156833814,46758836361,708320538,1441471709,1035055643
Siemens AG,6/30/2018,11314535587,1340341283,33163887180,56794362553,23630475373,2359990011,5672087683,1403437157
Allianz SE,6/30/2018,11661846976,1354192659,23626577882,54731462963,31104885082,247424897,4353633376,759577726
BMW AG,6/30/2018,17315578796,1167741135,16852576890,50991540077,34138963187,2290068378,342055243,493646418
BASF SE,6/30/2018,11432373323,902833070.5,15796422658,55141147698,39344725041,1637312802,2294673732,401487687
Deutsche Telekom AG,6/30/2018,10561657912,1025524147,18824834094,53785357297,34960523204,1906697655,2933377572,538459736
Daimler AG,6/30/2018,18960217812,2711256442,20217118393,63441922522,43224804128,4273603847,6272455125,467720301
SAP SE,6/30/2018,5282345417,541864195.9,34968772981,55603015081,20634242100,974523045,2626043609,1694696263
Bayer AG,6/30/2018,14443060707,1684483053,37340600075,64364816177,27024216101,2617086715,6233235581,138174591
Deutsche Bank AG,6/30/2018,7788761208,663079894,30096796442,49497014532,19400218090,1339636138,3417899175,155136382
Porsche AG,6/30/2018,9586227654,1382170553,40862854527,89907869527,49045015000,1537318769,2818167256,833170395
Merck KGaA,6/30/2018,7868422908,477697388.2,36789908510,81877040048,45087131537,583432655,1059498291,815973588
Volkswagen AG,6/30/2019,8797334817,1311084923,25365853191,40151924792,14786071601,3265310268,8867026743,1715523492
Siemens AG,6/30/2019,6550073893,733627118.4,19919552350,37424903073,17505350723,1960264578,4190873579,1137912211
Allianz SE,6/30/2019,9612688482,1071424359,26052899280,55802879567,29749980287,1920016257,3601428805,875728287
BMW AG,6/30/2019,13411319092,782523298.9,19531535755,37657712776,18126177021,2077989451,4317089577,1077531999
BASF SE,6/30/2019,11534207296,1513985001,19270767207,53405386175,34134618968,2834891963,4435335874,564551994
Deutsche Telekom AG,6/30/2019,9246129285,1035650167,29184989731,52641709425,23456719694,1967356642,4415153442,124420593
Daimler AG,6/30/2019,12504841895,639354361.8,41871491156,82039997300,40168506143,779320311,1591680705,1042396026
SAP SE,6/30/2019,13878289168,932271478.5,29658734145,62964273740,33305539595,1480635642,2799148399,890504538
Bayer AG,6/30/2019,13365845309,1437180604,30394456127,61175428677,30780972550,2349277536,4669055214,987443008
Deutsche Bank AG,6/30/2019,9538166828,766520233.9,38799826104,70810004871,32010178767,1082502727,2394614037,121210901
Porsche AG,6/30/2019,16367236342,1857704381,11368621660,21773242219,10404620558,8532052149,1785460959,109265125
Merck KGaA,6/30/2019,16209619277,1894725317,17305347324,45432894647,28127547323,4170382124,673619102,615245514
Volkswagen AG,6/30/2020,7895384436,511149178.9,17592686846,61107816340,43515129494,836471027,1174647036,404288969
Siemens AG,6/30/2020,7571178877,527700192,14328955584,29444881442,15115925857,1792162733,3491021304,947937673
Allianz SE,6/30/2020,13787621203,1605393739,33743352626,56826390011,23083037385,2825084858,695486349,1461824632
BMW AG,6/30/2020,19909637251,2732548048,15058770523,36892503606,21833733082,7406783982,125152581,689702053
BASF SE,6/30/2020,11914158554,1054111676,43298236595,83113769380,39815532785,1268275622,2647488561,1087470983
Deutsche Telekom AG,6/30/2020,16609605942,2209253956,40969123319,78858492215,37889368896,2801542223,5830801675,1081282811
Daimler AG,6/30/2020,14075946856,1786382228,42169052107,79023797685,36854745578,2260562362,4847088752,114419599
SAP SE,6/30/2020,6413035553,941195826.2,19793091472,35210598357,15417506885,2673046952,6104721296,1283806235
Bayer AG,6/30/2020,12664152205,953498605.8,14551986231,38961279021,24409292791,2447298009,3906293451,596165827
Deutsche Bank AG,6/30/2020,16087302422,1326310547,32589277601,54693171121,22103893521,2425002097,6000348063,1474368195
Porsche AG,6/30/2020,7764718758,920211365.8,34970670581,72558969348,37588298767,1268225519,244813252,930360557
Merck KGaA,6/30/2020,17048403140,1779998241,31894204894,69469086501,37574881608,2562288251,4737202528,848817176
Volkswagen AG,6/30/2021,12858026662,1124878943,17059669622,65938237159,48878567538,1705958471,2301374609,349021473
Siemens AG,6/30/2021,6387462404,911547751.1,43580496165,59758020643,16177524478,1525398166,5634655366,269389153
Allianz SE,6/30/2021,17019949886,2402780363,10477167725,40916062724,30438894999,5872462313,7893783146,344203287
BMW AG,6/30/2021,12011483364,1571388192,16704351188,36319540470,19615189283,4326564081,8011078402,851602855
BASF SE,6/30/2021,18768998808,1373518726,31667361119,58519002305,26851641187,2347132848,5115213316,117934546
Deutsche Telekom AG,6/30/2021,5509568002,378951538.1,36585800973,54397521144,17811720171,696633836,2127540375,2054029629
Daimler AG,6/30/2021,15648054896,1066739844,40442076671,75441053988,34998977318,1414004428,3047917184,1155521669
SAP SE,6/30/2021,11199189899,719949867.5,45007114334,92397807990,47390693656,779185008,1519179847,949703641
Bayer AG,6/30/2021,11712522838,1191464502,39707273398,77463236730,37755963332,1538103173,3155698855,1051682169
Deutsche Bank AG,6/30/2021,5220250485,460458002.1,44926554184,91889065168,46962510984,501102064,980479945,95664719
Porsche AG,6/30/2021,12452147525,908357933.3,42131566815,76799130880,34667564065,1182771111,2620195442,1215302198
Merck KGaA,6/30/2021,14025754117,1636333354,16839994355,60072011589,43232017234,2723952986,3785003473,389525991
Volkswagen AG,6/30/2022,12314464977,1478784803,25112871815,44050938495,18938066680,3356988191,7808530977,1326052561
Siemens AG,6/30/2022,17737880122,2592267899,23358323946,38107807520,14749483574,6802458781,1757531297,158367063
Allianz SE,6/30/2022,8089768870,488084935.3,45657380068,93604660446,47947280377,521432302,1017961668,952241289
BMW AG,6/30/2022,11584036388,1399147461,22546412228,53277235987,30730823758,2626163755,455291232,73367419
BASF SE,6/30/2022,11227593925,1221025867,27001572213,45570891422,18569319208,2679398689,6575501522,1454095969
Deutsche Telekom AG,6/30/2022,8444063288,1187007039,47810647914,69756044623,21945396709,1701654739,5408911286,217861853
Daimler AG,6/30/2022,16579977460,877145067,30509379123,76296463396,45787084273,1149653638,1915704136,666331556
SAP SE,6/30/2022,14799049316,1792143630,35425741218,52933352519,17507611301,3385660542,1023636862,2023448008
Bayer AG,6/30/2022,7918029220,810924591.5,42824962792,91140421051,48315458259,889752957,1678395737,886361515
Deutsche Bank AG,6/30/2022,13527313706,1369609294,47047722396,76309903159,29262180763,1794798889,4680475816,1607799596
Porsche AG,6/30/2022,9602996001,1224040111,42066934650,86789124292,44722189642,1410361172,2736986092,940627795
Merck KGaA,6/30/2022,19175705351,1921123977,39424400695,70149764250,30725363554,2738603611,6252567113,128312235
Volkswagen AG,6/30/2023,12729418594,1662688493,39022576433,81451183390,42428606957,2041331291,3918791148,919723254
Siemens AG,6/30/2023,14327627383,1625286889,41679203694,52235242339,10556038645,3111475732,1539675009,3948375437
Allianz SE,6/30/2023,5318114486,431100966,42312531626,58725506361,16412974734,734094932,2626586423,2577992857
BMW AG,6/30/2023,14368618381,1533626886,42361743521,64353154119,21991410599,2383141754,6973754044,1926285871
BASF SE,6/30/2023,14800185962,1295428284,11911955269,57692706612,45780751343,2245393499,2829635264,260195714
Deutsche Telekom AG,6/30/2023,10399408221,561732001.5,38426371195,68448568389,30022197194,820662893,1871055599,127993201
Daimler AG,6/30/2023,6677625789,440969634.7,45505367856,68668748604,23163380748,642169318,1903736072,196453913
SAP SE,6/30/2023,10806122549,698788622.5,46400326109,56419077430,10018751320,1238567971,697480754,4631348222
Bayer AG,6/30/2023,10038837028,1319011419,42095419645,52756441711,10661022066,2500190263,1237227923,3948535083
Deutsche Bank AG,6/30/2023,7129233268,804182359.4,37136074738,74971932150,37835857412,107264457,2125450338,981504776
Porsche AG,6/30/2023,16477351074,1226392611,42857529033,61495517042,18637988008,1994279698,6580069753,2299471864
Merck KGaA,6/30/2023,9146296754,868361702.9,43413456694,56455610934,13042154240,1538131797,6658115576,3328702904
Volkswagen AG,6/30/2024,13076152982,1526410746,24545656357,68124372355,43578715998,2240623573,3502651951,563248728
Siemens AG,6/30/2024,9018099865,963180373.7,36993263217,49531602468,12538339252,1944577453,7681881582,2950411731
Allianz SE,6/30/2024,13059939771,864826440.5,21561018412,57150274352,35589255939,1513249849,2430021133,605829424
BMW AG,6/30/2024,17928146832,2182113657,12109060417,56333682316,44224621899,3873550543,4934160121,273808116
BASF SE,6/30/2024,11122911230,1144594204,29846781652,60313552592,30466770941,1897739653,3756860897,979650312
Deutsche Telekom AG,6/30/2024,15923641671,1238976660,29108930053,40292182768,11183252715,3074980245,1107885775,2602903716
Daimler AG,6/30/2024,9897018704,888471372.7,33856303197,55117754937,21261451739,161195131,4178789781,1592379656
SAP SE,6/30/2024,8144018454,529257365.4,31360696540,57876694077,26515997537,914456801,1995992663,1182708533
Bayer AG,6/30/2024,7369565272,1064148244,20591206981,42904241960,22313034979,2480286785,47691775,922833088
Deutsche Bank AG,6/30/2024,9306050327,729847876.9,23854663266,48476616703,24621953437,1505566862,2964215974,968837153
Porsche AG,6/30/2024,16413767338,1074145603,25161220888,52217608876,27056387988,2057056282,3970025873,929954911
Merck KGaA,6/30/2024,16561793827,2435933937,19456844175,52664090849,33207246674,4625417238,7335549257,585921632
Volkswagen AG,9/30/2017,15706422457,2263166301,11556351337,26096752248,14540400911,8672214379,1556467607,794775289
Siemens AG,9/30/2017,5703877749,588622371.4,24982736979,39727077870,14744340891,1481665411,3992191823,1694394966
Allianz SE,9/30/2017,7168009253,373428560.2,15187122059,38651159578,23464037519,966150988,1591493194,647251013
BMW AG,9/30/2017,14824260103,1856672009,49769403556,87097998229,37328594673,213170457,4973859919,1333278255
BASF SE,9/30/2017,9548006554,1237046329,27483087953,52090363015,24607275062,2374808425,5027156913,1116868401
Deutsche Telekom AG,9/30/2017,14110556301,1163491999,16591763093,32355610354,15763847262,3595951325,7380761688,1052519909
Daimler AG,9/30/2017,7323507123,793777927.1,27624534772,70422660411,42798125639,1127162653,1854702549,645461322
SAP SE,9/30/2017,18227487487,1997618536,40486058249,55383211771,14897153522,3606902655,1340939753,2717704304
Bayer AG,9/30/2017,12670837136,1282915745,20339721000,55136777973,34797056973,2326787657,3686851292,584524174
Deutsche Bank AG,9/30/2017,19868905162,1429630591,12720436994,42183197053,29462760059,3389099666,4852330833,431746278
Porsche AG,9/30/2017,9631040999,1113020766,22993549681,72046513305,49052963625,1544864164,226901839,468749449
Merck KGaA,9/30/2017,17552142118,1316005049,28846310799,40791728305,11945417506,3226156634,110168192,2414843247
Volkswagen AG,9/30/2018,11494666314,1658196131,14924498356,62462464157,47537965801,2654708156,3488151213,313949032
Siemens AG,9/30/2018,12634974138,741274735,28126694879,40432233302,12305538423,1833375687,6023911425,2285693962
Allianz SE,9/30/2018,10545031789,1010594241,33534009371,63852779536,30318770165,1582694204,3333229664,1106047811
BMW AG,9/30/2018,5647276212,430192893.6,49486716701,66912699732,17425983031,642916659,2468686517,2839823533
BASF SE,9/30/2018,19846387618,2884007106,11017913220,31498369926,20480456706,9156051924,1408175192,537972047
Deutsche Telekom AG,9/30/2018,10796012246,986280250.6,18030445293,66154405096,48123959803,1490876154,2049457806,374666702
Daimler AG,9/30/2018,5152922484,599573691.4,24935989828,36383148668,11447158840,1647943384,5237751129,2178356235
SAP SE,9/30/2018,8133295785,750601103.2,12010781130,31029999758,19019218627,2418952978,394654017,631507601
Bayer AG,9/30/2018,8605806470,524552249.3,34919186753,46399878511,11480691758,1130503497,4568995147,3041557729
Deutsche Bank AG,9/30/2018,17771922214,1082288023,48317236409,88972406897,40655170488,1216431095,2662116553,1188464735
Porsche AG,9/30/2018,17963578177,2139702451,49106113898,95043652065,45937538167,2251283915,4657851806,1068975741
Merck KGaA,9/30/2018,17415152986,1617758811,46995232198,95054854077,48059621879,1701921302,3366149685,977852725
Volkswagen AG,9/30/2019,10142417014,1306294910,21657205056,33344564963,11687359907,3917564711,1117698882,1853045104
Siemens AG,9/30/2019,16654538457,1322270205,29781715108,63506323345,33724608237,2082107947,3920787444,883085577
Allianz SE,9/30/2019,13700664809,892851810.7,14820437742,51140549989,36320112247,174587839,2458284833,408050439
BMW AG,9/30/2019,8103350227,738019784.6,20380748219,31832927467,11452179248,2318416317,6444361101,1779639296
BASF SE,9/30/2019,7430177132,551583106,33765326378,50383426520,16618100141,1094770928,3319170671,2031840348
Deutsche Telekom AG,9/30/2019,11461718687,1380378045,27344331892,73302995160,45958663267,1883112746,3003520875,594976658
Daimler AG,9/30/2019,9545803943,1253796606,34864875291,53486270610,18621395319,2344146622,6733096979,1872301978
SAP SE,9/30/2019,13973147193,1079900966,48121419304,75654119930,27532700626,1427418583,3922248606,174779147
Bayer AG,9/30/2019,11417678713,984493632.9,43202192055,87180029468,43977837414,1129265084,2238613108,982362813
Deutsche Bank AG,9/30/2019,6824564419,375695945.9,12634199326,28137106192,15502906866,1335233067,242339033,814956797
Porsche AG,9/30/2019,10956259576,738896491.2,30918840712,77968242093,47049401381,947689048,1570469484,657156942
Merck KGaA,9/30/2019,12097020632,1236164244,27900854055,42173393478,14272539423,2931147205,8661137359,1954862637
Volkswagen AG,9/30/2020,12436929028,1654939942,49496396884,90362459109,40866062225,1831446331,4049668237,1211185864
Siemens AG,9/30/2020,11686522494,980715243.5,33647832225,72644583109,38996750884,1350018407,2514863985,862836812
Allianz SE,9/30/2020,18005946710,2292027552,30114206666,72398006770,42283800104,316587107,5420580804,712192532
BMW AG,9/30/2020,9482010377,803442750.4,46174948427,92567055368,46392106941,867957555,1731852256,995319063
BASF SE,9/30/2020,18130200876,2418330284,49603599758,91937242355,42333642596,2630414207,5712549489,1171730017
Deutsche Telekom AG,9/30/2020,15589999588,1310559971,40139408421,54633825763,14494417343,239880688,9041825831,2769301274
Daimler AG,9/30/2020,17815073829,1375991001,34457237297,48064706274,13607468976,2862788745,1011202747,2532229716
SAP SE,9/30/2020,15986728775,2071404633,24329632573,49270478198,24940845625,4204149643,8305270255,975493491
Bayer AG,9/30/2020,7778215290,1028179890,32630440063,51398528756,18768088693,2000407238,5478340957,1738612844
Deutsche Bank AG,9/30/2020,11268644278,1309520126,44147215219,66843792777,22696577557,1959075139,5769681015,1945104503
Porsche AG,9/30/2020,6912391322,945409918.5,38735572223,68605740345,29870168123,1378033257,3165063935,1296797931
Merck KGaA,9/30/2020,8081970522,678443942.4,46360819152,75700966235,29340147083,896215697,231233995,1580115431
Volkswagen AG,9/30/2021,10294096366,1404729444,27027656894,48359524775,21331867881,2904762713,658512162,1267008452
Siemens AG,9/30/2021,19026792698,2073416725,23713313938,47556455590,23843141652,4359905925,8696071832,994554924
Allianz SE,9/30/2021,11073630310,912822455.7,49692687138,70778247625,21085560486,1289693495,4329135364,2356716444
BMW AG,9/30/2021,14132310152,1250503703,34109472155,60179867780,26070395624,2077943587,4796642602,1308360358
BASF SE,9/30/2021,10808670566,658653438.1,37937729306,85517814001,47580084695,770194428,1384304888,79734472
Deutsche Telekom AG,9/30/2021,14468035363,1480956904,34748500389,83063430789,48314930400,178292287,3065215849,71920833
Daimler AG,9/30/2021,15893645982,2170220695,43221215972,62906987078,19685771106,3449888154,1102431133,2195556158
SAP SE,9/30/2021,9000667547,1079598533,20844606335,48683375624,27838769289,2217591773,3878039728,748761776
Bayer AG,9/30/2021,13756386408,721617987.5,44559907041,88194004126,43634097086,818216606,1653793789,102121758
Deutsche Bank AG,9/30/2021,12533912164,782840180.3,42843256371,86694386780,43851130409,902988313,1785222349,977016008
Porsche AG,9/30/2021,7245971264,1033867668,43655777728,59462856760,15807079033,17386781,6540535831,2761786516
Merck KGaA,9/30/2021,14686380695,2175890454,36499903384,85610397087,49110493703,2541619392,4430601873,743220046
Volkswagen AG,9/30/2022,10260879440,889227522,10690275300,28159139854,17468864554,3157864646,5090356727,611961657
Siemens AG,9/30/2022,12664949131,649372783.1,35555990358,69522102895,33966112537,934052274,1911825448,1046807765
Allianz SE,9/30/2022,16931011156,2086994153,18754849198,52873275455,34118426257,3947162597,6116912125,549698543
BMW AG,9/30/2022,18782382394,1614997271,25317192992,38617124033,13299931041,418207547,1214289959,1903558215
BASF SE,9/30/2022,8861717408,569761713.3,46662383110,69619249891,22956866781,8183968,2481879251,2032611138
Deutsche Telekom AG,9/30/2022,14873007184,1613587509,33957807568,82298368793,48340561225,1960655518,3337957748,70247028
Daimler AG,9/30/2022,18430272465,1278461027,44184049308,54843099546,10659050238,2331124677,1199413642,4145214472
SAP SE,9/30/2022,18713092617,1701020228,36355439326,47077977464,10722538138,3613197338,1586396995,3390562837
Bayer AG,9/30/2022,10642582906,1154447670,44364932131,75643621464,31278689333,1526166579,3690844131,1418375676
Deutsche Bank AG,9/30/2022,11924228778,1074208571,47986876748,85149075647,37162198900,1261562223,2890594752,1291281952
Porsche AG,9/30/2022,8621455856,1229669587,32376788972,47679877246,15303088274,2579011647,803543419,2115702948
Merck KGaA,9/30/2022,7888146905,698353200.2,33355799273,53175544683,19819745411,131329769,3523522556,1682958009
Volkswagen AG,9/30/2023,11664866018,1677667162,15998323030,33372541902,17374218871,5027088338,965607245,92080819
Siemens AG,9/30/2023,10185412162,754846740.3,24373958388,59331553465,34957595076,1272251772,2159321139,69724357
Allianz SE,9/30/2023,19814938566,1836312727,18499451286,30329911272,11830459986,6054461257,1552190472,1563713609
BMW AG,9/30/2023,12729885504,1804875257,10865997336,56007965536,45141968200,3222533152,3998220124,240707213
BASF SE,9/30/2023,8416753062,980336277,46036015495,95477772055,49441756560,1026769117,1982810372,931116099
Deutsche Telekom AG,9/30/2023,5149849693,750613275.1,17312068995,55772071679,38460002684,1345858693,1951672446,450131768
Daimler AG,9/30/2023,13104191262,1856279741,29165603027,45413408789,16247805762,4087514659,1142480264,1795048726
SAP SE,9/30/2023,17167661800,1338393789,26063953489,52362126677,26298173188,2556034053,5089303273,991093689
Bayer AG,9/30/2023,9457609977,1131311165,40856047831,77252438398,36396390567,1464434247,3108305926,1122530207
Deutsche Bank AG,9/30/2023,17914537947,1449472284,20633879462,43019367872,22385488410,3369348169,6475053201,92175248
Porsche AG,9/30/2023,12920254885,1147104411,35348848744,85266963912,49918115168,1345309318,2297972203,708136688
Merck KGaA,9/30/2023,9297896247,1145109250,49354599469,67631473649,18276874181,1693160283,6265345152,2700385141
Volkswagen AG,9/30/2024,9752432683,970590418.5,31255665329,70790020629,39534355300,1371083678,2455055637,790595043
Siemens AG,9/30/2024,11691964631,1345578064,24477801438,72482874961,48005073523,1856408241,2802991363,509900301
Allianz SE,9/30/2024,16908879786,1197174003,48008203569,67570965703,19562762134,177172842,611965731,2454060589
BMW AG,9/30/2024,17989542164,2639441820,33643521649,69399402463,35755880815,3803263035,7381839743,940922748
BASF SE,9/30/2024,16485330446,1727330520,41199120058,58775396940,17576276882,2938866617,9827624651,2344018607
Deutsche Telekom AG,9/30/2024,6531276814,872767531.7,15526905086,49404344791,33877439705,1766580521,2576249974,458325813
Daimler AG,9/30/2024,14640665936,2101927829,10787737144,51913035226,41125298082,4048940347,5111033662,262313896
SAP SE,9/30/2024,10824151396,830279996.2,42369695133,72342104340,29972409208,114771336,2770147673,1413623271
Bayer AG,9/30/2024,9332023907,746667545.1,23673143006,42677324477,19004181470,1749565031,3928964508,1245680749
Deutsche Bank AG,9/30/2024,18549946525,2323022170,49199711543,64461554635,15261843092,3603732773,1522111161,3223707074
Porsche AG,9/30/2024,15911174550,1241693861,36125130235,84583217359,48458087124,1468014459,2562407917,745492288
Merck KGaA,9/30/2024,15036344926,1704097607,30603212259,59444780752,28841568494,2866690036,5908477575,1061080026
