ID,VISITA,MES,FECHA,SATISFACCION_INFOR,SATISFACCION_RECORRIDO,SATISFACCION_GUIA,SATISFACCION_GLOBAL,LO_MEJOR,LO_PEOR,OPINION,SUGERENCIAS,SATISFACCION_PROMEDIO
12,"LEYENDAS, CASAS ENCANTADAS Y LUCES EN  NAVIDAD CON ILSE",DICIEMBRE,2023-12-17T00:00:00.000+01:00,10,10,10,10,7 chimeneas,Nada,Mejor de lo que esperaba,"Nada, todo perfecto",10.0
19,MADRID EN FEMENINO,AGOSTO,2023-08-12T00:00:00.000+02:00,8,8,9,9,Al restaurante Sobrinos de Botín,"El mapa final, hacia muchísimo sol",Mejor de lo que esperaba,Combinar mas las explicaciones de las mujeres con las explicaciones sobre la historia y tmb explicar las la conexión de las mujeres con los lugares que se visitan,8.333333333333334
3,MADRID EN FEMENINO,SEPTIEMBRE,2023-09-02T00:00:00.000+02:00,9,10,10,10,Amabilidad y conocimiento de la guía turística,Sin comentarios,Mejor de lo que esperaba,Más visitas y en distintos horarios,9.666666666666666
19,LA LATINA Y EL MUSEO DE LOS ORIGENES,SEPTIEMBRE,2023-09-16T00:00:00.000+02:00,10,10,10,10,Beatriz Galindo latina,Nada,Mejor de lo que esperaba,Me han gustado mucho,10.0
35,LA LATINA Y EL MUSEO DE LOS ORIGENES,OCTUBRE,2023-10-22T00:00:00.000+02:00,7,8,8,8,Bien,Bien,Mejor de lo que esperaba,Bien,7.666666666666667
20,MADRID MONUMENTAL,JULIO,2023-07-28T00:00:00.000+02:00,10,9,9,9,Calle Alcalá,Nada,Como esperaba,,9.333333333333334
15,LA HISTORIA IMPRESCINDIBLE DE MADRID,AGOSTO,2023-08-11T00:00:00.000+02:00,10,10,10,10,,Sin comentarios,Como esperaba,Amplia nuevas visitas de historia de Madrid,10.0
20,TRADICIONES NAVIDEÑAS,DICIEMBRE,2023-12-30T00:00:00.000+01:00,8,10,10,10,Descubrir  datos nuevos sobre las tradiciones,Nada,Mejor de lo que esperaba,Ninguna,9.333333333333334
19,MUJERES QUE HAN HECHO HISTORIA EN MADRID,OCTUBRE,2023-10-13T00:00:00.000+02:00,10,10,10,10,"Destacar la labor del guía Cristian, haciendo de la actividad algo muy interesante y ameno con sus explicaciones y su trato para con nosotros.",Nada,Mejor de lo que esperaba,Nos encantaría repetir con XXX en alguna otra visita interesante sobre la historia de Madrid,10.0
3,MADRID HISTÓRICO,MARZO,2023-03-03T00:00:00.000+01:00,10,10,10,10,El conjunto está bien pensado y explicado,Sin comentarios,Mejor de lo que esperaba,,10.0
9,LA HISTORIA IMPRESCINDIBLE DE MADRID,JULIO,2023-07-14T00:00:00.000+02:00,10,10,10,10,El cuidado en el trato,Sin comentarios,Mejor de lo que esperaba,,10.0
2,MADRID HISTÓRICO,MARZO,2023-03-03T00:00:00.000+01:00,10,10,10,10,El entender la historia,Sin comentarios,Como esperaba,,10.0
6,MADRID EN FEMENINO,ABRIL,2023-04-08T00:00:00.000+02:00,10,5,4,4,El grupo,El guia,Peor de lo que esperaba,No,6.333333333333333
12,MADRID EN FEMENINO,JUNIO,2023-06-17T00:00:00.000+02:00,9,10,10,10,El guia,Sin comentarios,Mejor de lo que esperaba,,9.666666666666666
22,LA HISTORIA IMPRESCINDIBLE DE MADRID,OCTUBRE,2023-10-14T00:00:00.000+02:00,9,9,9,9,El guía muy ameno y agradable,Nada,Mejor de lo que esperaba,Realizar más visitas de los distintos barrios  y visitar los edificios más emblemáticos a lo largo de todo el año,9.0
23,MADRID MONUMENTAL,JULIO,2023-07-28T00:00:00.000+02:00,10,10,10,10,,Edificios históricos,Como esperaba,,10.0
26,LA HISTORIA IMPRESCINDIBLE DE MADRID,OCTUBRE,2023-10-14T00:00:00.000+02:00,10,9,10,10,"El guía, muy buena explicación",Nada,Mejor de lo que esperaba,Ninguna,9.666666666666666
25,LA HISTORIA IMPRESCINDIBLE DE MADRID,OCTUBRE,2023-10-14T00:00:00.000+02:00,10,10,10,10,El guia. Excelente.,Todo bien,Como esperaba,Incluir alguna visita,10.0
5,MADRID HISTÓRICO,FEBRERO,2023-02-10T00:00:00.000+01:00,10,10,10,10,,Sin comentarios,Como esperaba,,10.0
13,MADRID EN FEMENINO,JULIO,2023-07-15T00:00:00.000+02:00,10,8,7,8,El horario,Me resultó breve las explicaciones,Como esperaba,,8.333333333333334
36,MADRID EN FEMENINO,SEPTIEMBRE,2023-09-30T00:00:00.000+02:00,9,7,9,9,El itinerario,Sin comentarios,Mejor de lo que esperaba,,8.333333333333334
8,LA LATINA Y EL MUSEO DE LOS ORIGENES,OCTUBRE,2023-10-07T00:00:00.000+02:00,10,10,10,10,El museo,Nada,Como esperaba,Hacer mas recorridos por otras partes de la ciudad,10.0
24,MADRID MONUMENTAL,SEPTIEMBRE,2023-09-17T00:00:00.000+02:00,10,10,10,10,El museo,Nada,Mejor de lo que esperaba,Latina,10.0
"\"",,,,,,,,,Sin comentarios,,,
13,MADRID EN FEMENINO,ABRIL,2023-04-15T00:00:00.000+02:00,10,0,0,0,,El guia,Peor de lo que esperaba,,3.3333333333333335
14,MADRID EN FEMENINO,ABRIL,2023-04-15T00:00:00.000+02:00,10,0,0,0,,El guía,Peor de lo que esperaba,,3.3333333333333335
15,MADRID EN FEMENINO,ABRIL,2023-04-15T00:00:00.000+02:00,10,0,0,0,,El guía,Peor de lo que esperaba,,3.3333333333333335
16,MADRID EN FEMENINO,ABRIL,2023-04-15T00:00:00.000+02:00,10,0,0,0,,El guía,Peor de lo que esperaba,,3.3333333333333335
17,MADRID EN FEMENINO,ABRIL,2023-04-15T00:00:00.000+02:00,10,0,0,0,,El guía,Peor de lo que esperaba,,3.3333333333333335
18,MADRID EN FEMENINO,ABRIL,2023-04-15T00:00:00.000+02:00,10,0,0,0,,El guía,Peor de lo que esperaba,,3.3333333333333335
1,LA LATINA Y EL MUSEO DE LOS ORIGENES,JULIO,2023-07-02T00:00:00.000+02:00,10,10,10,10,El museo,Nada,Mejor de lo que esperaba,Nada,10.0
19,MADRID EN FEMENINO,ABRIL,2023-04-15T00:00:00.000+02:00,10,0,0,0,,El guía,Peor de lo que esperaba,,3.3333333333333335
37,LA LATINA Y EL MUSEO DE LOS ORIGENES,OCTUBRE,2023-10-22T00:00:00.000+02:00,10,10,10,10,El museo,Nada,Mejor de lo que esperaba,Seguir con más itinerarios,10.0
1,MADRID HISTÓRICO,MARZO,2023-03-03T00:00:00.000+01:00,4,7,7,7,,Sin comentarios,Como esperaba,,6.0
23,MADRID MONUMENTAL,SEPTIEMBRE,2023-09-17T00:00:00.000+02:00,10,10,10,10,El museo,Nado. Todo me gustó,Mejor de lo que esperaba,Sigan asi,10.0
17,LA LATINA Y EL MUSEO DE LOS ORIGENES,JUNIO,2023-06-23T00:00:00.000+02:00,9,9,10,10,El museo de los orígenes,Nada,Mejor de lo que esperaba,,9.333333333333334
1,SAN ISIDRO HISTORIA DE UN SANTO MADRILEÑO,ABRIL,2023-04-07T00:00:00.000+02:00,10,9,10,9,,Sin comentarios,Como esperaba,,9.666666666666666
20,MADRID EN FEMENINO,ABRIL,2023-04-15T00:00:00.000+02:00,10,0,0,0,,El guía,Peor de lo que esperaba,Cambiar al guía,3.3333333333333335
15,LA LATINA Y EL MUSEO DE LOS ORIGENES,NOVIEMBRE,2023-11-19T00:00:00.000+01:00,9,8,9,8,El museo de los orígenes,Nada,Mejor de lo que esperaba,Ninguna,8.666666666666666
16,LA LATINA Y EL MUSEO DE LOS ORIGENES,NOVIEMBRE,2023-11-19T00:00:00.000+01:00,10,10,10,10,El pozo de Madrid y el patio del Museo,Que hay que ir andando,Mejor de lo que esperaba,Que pueden dar una botella de agua pequeña a los turistas,10.0
33,MADRID EN FEMENINO,SEPTIEMBRE,2023-09-30T00:00:00.000+02:00,6,8,9,6,El recogido,Sin comentarios,Mejor de lo que esperaba,No tengo sugerencias,7.666666666666667
35,MADRID EN FEMENINO,SEPTIEMBRE,2023-09-30T00:00:00.000+02:00,7,8,8,6,El recorrido,Sin comentarios,Mejor de lo que esperaba,,7.666666666666667
22,MADRID EN FEMENINO,ABRIL,2023-04-15T00:00:00.000+02:00,10,0,0,0,,El guía,Peor de lo que esperaba,,3.3333333333333335
23,MADRID EN FEMENINO,ABRIL,2023-04-15T00:00:00.000+02:00,10,0,0,0,,El guía,Peor de lo que esperaba,,3.3333333333333335
4,LA HISTORIA IMPRESCINDIBLE DE MADRID,SEPTIEMBRE,2023-09-08T00:00:00.000+02:00,10,10,10,10,El recorrido,No ha habido nada que ni me haya gustado,Como esperaba,No tengo sugerencias,10.0
23,LA NUEVA PLAZA DE ESPAÑA,AGOSTO,2023-08-13T00:00:00.000+02:00,7,9,7,7,El recorrido de la visita,Sin comentarios,Mejor de lo que esperaba,,7.666666666666667
5,CERVANTES Y LAS LETRAS,ENERO,2023-01-15T00:00:00.000+01:00,10,10,10,10,en general,Sin comentarios,Mejor de lo que esperaba,,10.0
18,MUJERES QUE HAN HECHO HISTORIA EN MADRID,OCTUBRE,2023-10-13T00:00:00.000+02:00,10,10,10,10,"Entusiasmo, calidad y explicación de Cristian",Nada,Mejor de lo que esperaba,Aumentar un poco más el cupo del grupo,10.0
21,LA NUEVA PLAZA DE ESPAÑA,NOVIEMBRE,2023-11-24T00:00:00.000+01:00,10,10,10,10,Experiencia Guia,"No he visto nada, que no me guste",Mejor de lo que esperaba,No,10.0
19,LA LATINA Y EL MUSEO DE LOS ORIGENES,JUNIO,2023-06-23T00:00:00.000+02:00,10,10,10,10,Explicación,Sin comentarios,Mejor de lo que esperaba,,10.0
6,MUJERES QUE HAN HECHO HISTORIA EN MADRID,NOVIEMBRE,2023-11-10T00:00:00.000+01:00,10,10,10,10,Explicación de la guia,Nada,Mejor de lo que esperaba,,10.0
6,CERVANTES Y LAS LETRAS,ENERO,2023-01-15T00:00:00.000+01:00,10,10,10,10,,"Me ha gustado todo, lo más importante para mi⁷ es que hay intérprete",Mejor de lo que esperaba,Cosas mejorar,10.0
9,LA LATINA Y EL MUSEO DE LOS ORIGENES,OCTUBRE,2023-10-07T00:00:00.000+02:00,8,8,9,8,Explicación de la guía,Nada que decir,Como esperaba,Ninguna,8.333333333333334
8,HISTORIAS Y LEYENDAS DE MADRID,Mayo,2023-05-27T00:00:00.000+02:00,10,9,10,8,Explicación del guía ,Sin comentarios,Como esperaba,,9.666666666666666
3,MADRID HISTÓRICO,FEBRERO,2023-02-05T00:00:00.000+01:00,9,9,9,10,Explicaciones del guía,Sin comentarios,Mejor de lo que esperaba,,9.0
10,MADRID HISTÓRICO,FEBRERO,2023-02-18T00:00:00.000+01:00,10,10,10,10,Explicaciones guía,Sin comentarios,Mejor de lo que esperaba,,10.0
25,TRADICIONES NAVIDEÑAS CON ILSE,DICIEMBRE,2023-12-01T00:00:00.000+01:00,10,10,10,10,Explicaciones muy claras,No hay visitas a interiores,Mejor de lo que esperaba,Visitas a imteriores,10.0
3,LA LATINA Y EL MUSEO DE LOS ORIGENES,NOVIEMBRE,2023-11-05T00:00:00.000+01:00,7,8,7,7,Faro republica,Sin comentarios,Mejor de lo que esperaba,,7.333333333333333
6,MADRID EN FEMENINO,JULIO,2023-07-08T00:00:00.000+02:00,10,10,10,10,"Forma de explicar, curiosidades",Muy corto 2 horas,Mejor de lo que esperaba,,10.0
29,LA LATINA Y EL MUSEO DE LOS ORIGENES,SEPTIEMBRE,2023-09-24T00:00:00.000+02:00,10,9,9,9,Grupo reducido. Guía bueno,Todo bien,Como esperaba,"Visitas en más días de la semana. Más visitas al público en general, con más cupo",9.333333333333334
14,LA HISTORIA IMPRESCINDIBLE DE MADRID,AGOSTO,2023-08-11T00:00:00.000+02:00,10,10,10,10,Guesta mas,Gusta mas,Mejor de lo que esperaba,,10.0
32,LA NUEVA PLAZA DE ESPAÑA,OCTUBRE,2023-10-21T00:00:00.000+02:00,10,10,10,10,Guia,Todo nos ha gustado,Mejor de lo que esperaba,,10.0
2,HISTORIAS Y LEYENDAS DE MADRID,NOVIEMBRE,2023-11-03T00:00:00.000+01:00,10,10,10,10,Guia con conocimientos,El tiempo,Mejor de lo que esperaba,,10.0
6,CERVANTES Y LAS LETRAS,Mayo,2023-05-26T00:00:00.000+02:00,10,10,10,10,Guía muy informada y llena de conocimiento ,Nada ,Mejor de lo que esperaba,,10.0
5,MADRID EN FEMENINO,Mayo,2023-05-20T00:00:00.000+02:00,10,10,10,10,"Ha sido muy ameno, el guía lo ha explicado muy bien",Sin comentarios,Mejor de lo que esperaba,,10.0
31,SAN ISIDRO HISTORIA DE UN SANTO MADRILEÑO,ABRIL,2023-04-29T00:00:00.000+02:00,10,9,8,9,,Sin comentarios,Como esperaba,,9.0
26,LA LATINA Y EL MUSEO DE LOS ORIGENES,JULIO,2023-07-30T00:00:00.000+02:00,10,10,10,10,Historia de La Latina,Sin comentarios,Mejor de lo que esperaba,Nuevas rutas,10.0
24,TRADICIONES NAVIDEÑAS CON ILSE,DICIEMBRE,2023-12-01T00:00:00.000+01:00,10,10,10,10,Historias,Nada,Mejor de lo que esperaba,Más explicaciones,10.0
14,MADRID HISTÓRICO,Mayo,2023-05-28T00:00:00.000+02:00,10,10,9,10,Iglesia de San Nicolás ,Sin comentarios,Mejor de lo que esperaba,Entrar en Monasterio Descalzas Reales,9.666666666666666
5,"LEYENDAS, CASAS ENCANTADAS Y LUCES EN  NAVIDAD",DICIEMBRE,2023-12-10T00:00:00.000+01:00,10,10,10,10,Interesantes historias. La guia muy empatica con las personas con movilidad reducida.,Nada,Como esperaba,Más actividades turisticas inclusivas para personas con diversidad funcional.,10.0
13,LA NUEVA PLAZA DE ESPAÑA,OCTUBRE,2023-10-08T00:00:00.000+02:00,9,8,8,8,Itinerario,Nada,Como esperaba,,8.333333333333334
12,MADRID EN FEMENINO,ABRIL,2023-04-15T00:00:00.000+02:00,10,10,10,10,La amabilidad y la paciencia del guía,Nada. Todo muy interesante,Mejor de lo que esperaba,Cambiar al guía,10.0
11,LA HISTORIA IMPRESCINDIBLE DE MADRID,ENERO,2023-01-22T00:00:00.000+01:00,7,7,7,7,La bomba a Alfonso XII,Sin comentarios,Como esperaba,,7.0
11,MADRID EN FEMENINO,JUNIO,2023-06-17T00:00:00.000+02:00,10,10,10,10,La cerda,Nada,Mejor de lo que esperaba,El calor,10.0
1,MADRID HISTÓRICO,Mayo,2023-05-05T00:00:00.000+02:00,10,10,10,10,La claridad de las indicaciones ,Nada que comentar,Mejor de lo que esperaba,,10.0
24,MADRID HISTÓRICO,ABRIL,2023-04-23T00:00:00.000+02:00,10,10,10,10,"La claridad del guía, la oferta de recorridos y la información dada por el personal de la oficina",Nada,Mejor de lo que esperaba,Incluir a personajes menos conocidos.,10.0
2,EL RATONCITO PEREZ Y MADRID,ENERO,2023-01-08T00:00:00.000+01:00,10,10,10,10,La de cosas que he conocido y que estaban a mi alrededor,Qué haya tan pocas,,,10.0
;Mejor de lo que esperaba;Qué hagan más para todos los públicos y todas las edadrs,,,,,,,,,Sin comentarios,,,
6,MADRID EN FEMENINO,JUNIO,2023-06-10T00:00:00.000+02:00,9,9,8,8,La explicacion,Sin comentarios,Como esperaba,,8.666666666666666
25,MADRID EN FEMENINO,ABRIL,2023-04-28T00:00:00.000+02:00,10,10,10,10,La explicacion,Me ha gustado todo,Mejor de lo que esperaba,,10.0
30,SAN ISIDRO HISTORIA DE UN SANTO MADRILEÑO,ABRIL,2023-04-29T00:00:00.000+02:00,10,9,10,9,La explicación,La tardanza en la iglesia,Como esperaba,,9.666666666666666
11,LA NUEVA PLAZA DE ESPAÑA,OCTUBRE,2023-10-08T00:00:00.000+02:00,10,10,10,10,La explicación de la Plaza de Ramales,Nada,Mejor de lo que esperaba,,10.0
1,MADRID HISTÓRICO,FEBRERO,2023-02-03T00:00:00.000+01:00,10,10,10,10,La explicaciones del guía,Nada,Como esperaba,,10.0
3,TRADICIONES NAVIDEÑAS,DICIEMBRE,2023-12-02T00:00:00.000+01:00,10,10,10,10,La explicaciones y el carácter afable de Jorge,Las inevitables aglomeraciones a lo largo del recorrido,Como esperaba,No tengo ninguna sugerencia,10.0
14,LA NUEVA PLAZA DE ESPAÑA,JULIO,2023-07-16T00:00:00.000+02:00,10,8,8,8,La explicacioní,El calor,Mejor de lo que esperaba,,8.666666666666666
21,LA HISTORIA IMPRESCINDIBLE DE MADRID,OCTUBRE,2023-10-14T00:00:00.000+02:00,7,10,10,10,La exposición del guía,0,Como esperaba,Apertura a más público,9.0
4,LA LATINA Y EL MUSEO DE LOS ORIGENES,NOVIEMBRE,2023-11-05T00:00:00.000+01:00,10,10,10,10,La exposición Plaza Oriente y jardines de Lepanto,Restos palacio de Godoy no se ven nada bien,Mejor de lo que esperaba,,10.0
20,LA HISTORIA IMPRESCINDIBLE DE MADRID,OCTUBRE,2023-10-14T00:00:00.000+02:00,8,10,10,10,La exposición que ha dado el guía y sus conocimientos,Nada,Mejor de lo que esperaba,MUJERES QUE HAN HECHO HISTORIA EN LA CIUDAD DE MADRID,9.333333333333334
30,COMPRAS TÍPICAS DE NAVIDAD,DICIEMBRE,2023-12-08T00:00:00.000+01:00,10,10,10,10,La guia,Sin comentarios,Como esperaba,,10.0
8,LA HISTORIA IMPRESCINDIBLE DE MADRID,ABRIL,2023-04-14T00:00:00.000+02:00,10,10,10,10,La guia,Nada,Mejor de lo que esperaba,,10.0
7,MADRID EN FEMENINO,JUNIO,2023-06-10T00:00:00.000+02:00,10,10,10,10,,Sin comentarios,Mejor de lo que esperaba,,10.0
6,LA NUEVA PLAZA DE ESPAÑA,AGOSTO,2023-08-04T00:00:00.000+02:00,10,10,10,10,La guia,Nada,Mejor de lo que esperaba,,10.0
30,LA HISTORIA IMPRESCINDIBLE DE MADRID,NOVIEMBRE,2023-11-26T00:00:00.000+01:00,10,10,10,10,La guía,Se me ha hecho corto,Mejor de lo que esperaba,,10.0
7,LA LATINA Y EL MUSEO DE LOS ORIGENES,OCTUBRE,2023-10-07T00:00:00.000+02:00,10,8,10,10,La guía,La guía,Mejor de lo que esperaba,No,9.333333333333334
26,MADRID EN FEMENINO,ABRIL,2023-04-28T00:00:00.000+02:00,10,7,8,8,"La guía ha explicado de forma muy amena, datos poco conocidos como las Sinsombrero",Recorrido algo breve y conocido,Mejor de lo que esperaba,Altavoz,8.333333333333334
18,MADRID EN FEMENINO,AGOSTO,2023-08-12T00:00:00.000+02:00,10,10,10,10,La Guía ha hecho un recorrido muy ameno.  Ha mezclado historias de mujeres con historia de monumentos y ha sido muy interesante.,Hacía mucho calor desde las 11: 00,Mejor de lo que esperaba,Que la ruta empiece antes para que no haga calor,10.0
7,MADRID HISTÓRICO,FEBRERO,2023-02-18T00:00:00.000+01:00,10,10,10,10,"La guia magnifica, ha hecho aun mejor la visita",Sin comentarios,Mejor de lo que esperaba,,10.0
5,MUJERES QUE HAN HECHO HISTORIA EN MADRID,NOVIEMBRE,2023-11-10T00:00:00.000+01:00,10,10,10,10,"La guía turística, muy profesional y dinámica",Nada que reseñar,Mejor de lo que esperaba,,10.0
11,MADRID HISTÓRICO,FEBRERO,2023-02-18T00:00:00.000+01:00,9,8,10,9,La guía xxxx y la información,Nada,Mejor de lo que esperaba,"Más información del recorrido por la web , que se envíe por correo  antes del recorrido",9.0
9,"LEYENDAS, CASAS ENCANTADAS Y LUCES EN  NAVIDAD",DICIEMBRE,2023-12-10T00:00:00.000+01:00,10,10,10,10,La guía y la facilidad para redervar,La guía y la facilidad de reserva,Mejor de lo que esperaba,Seguir asi,10.0
3,MADRID EN FEMENINO,Mayo,2023-05-13T00:00:00.000+02:00,10,10,10,10,La guía ,Nada,Mejor de lo que esperaba,,10.0
8,LA HISTORIA IMPRESCINDIBLE DE MADRID,JULIO,2023-07-14T00:00:00.000+02:00,10,10,10,10,"La guia, como lo explica y como se adapta.",Podria empezar a las 9 30,Mejor de lo que esperaba,"Podria empezar antes sobre las 9 30, hace mucha xalor para terminar a las 12.",10.0
20,LA NUEVA PLAZA DE ESPAÑA,NOVIEMBRE,2023-11-24T00:00:00.000+01:00,10,10,10,10,"La guía, Marta",Sin comentarios,Mejor de lo que esperaba,,10.0
6,"LEYENDAS, CASAS ENCANTADAS Y LUCES EN  NAVIDAD",DICIEMBRE,2023-12-10T00:00:00.000+01:00,10,10,10,10,"La guía, muy atenta y amable",La multitud de gente,Mejor de lo que esperaba,No,10.0
27,LA HISTORIA IMPRESCINDIBLE DE MADRID,NOVIEMBRE,2023-11-26T00:00:00.000+01:00,10,10,10,10,La guia.  Profesional y divertida. Tiene muchos conocimientos,Nada que destacar,Mejor de lo que esperaba,Ninguna,10.0
5,LA NUEVA PLAZA DE ESPAÑA,AGOSTO,2023-08-04T00:00:00.000+02:00,10,10,10,10,La guía. Su humor y que contextualiza cada dato,Nada,Mejor de lo que esperaba,,10.0
4,LA NUEVA PLAZA DE ESPAÑA,AGOSTO,2023-08-04T00:00:00.000+02:00,10,10,10,10,"La guia.Marta, es una guía muy atenta y con mucho humor y rigor.",Nada.,Mejor de lo que esperaba,,10.0
12,HISTORIAS Y LEYENDAS DE MADRID,Mayo,2023-05-27T00:00:00.000+02:00,10,10,10,10,"La historia de la princesa de Éboli. El guía lo ha hecho muy ameno, agradable, simpático e incluso ha añadido más de lo que estaba establecido ",Sin comentarios,Mejor de lo que esperaba,,10.0
14,MADRID EN FEMENINO,JUNIO,2023-06-17T00:00:00.000+02:00,10,10,10,10,La historia de Madrid a través de los siglos,El calor,Mejor de lo que esperaba,,10.0
1,HISTORIAS Y LEYENDAS DE MADRID,OCTUBRE,2023-10-06T00:00:00.000+02:00,10,10,10,10,La historia y cultura,Todo me ha gustado,Mejor de lo que esperaba,Más visitas,10.0
15,LA LATINA Y EL MUSEO DE LOS ORIGENES,JULIO,2023-07-21T00:00:00.000+02:00,10,8,8,8,La información,El tiempo,Como esperaba,,8.666666666666666
7,LA HISTORIA IMPRESCINDIBLE DE MADRID,JULIO,2023-07-14T00:00:00.000+02:00,10,9,9,9,,Sin comentarios,Mejor de lo que esperaba,,9.333333333333334
22,MADRID MONUMENTAL,JULIO,2023-07-28T00:00:00.000+02:00,10,9,9,9,La información,Me ha faltado un pelín de contextualización de las epocas,Mejor de lo que esperaba,Hacer más temáticas!! Están chulisimas,9.333333333333334
32,MADRID EN FEMENINO,SEPTIEMBRE,2023-09-30T00:00:00.000+02:00,9,8,10,8,La información,Repetición de otra visita,Mejor de lo que esperaba,Unificar ruta,9.0
10,MADRID EN FEMENINO,JULIO,2023-07-15T00:00:00.000+02:00,10,10,10,10,,Sin comentarios,Mejor de lo que esperaba,,10.0
7,HISTORIAS Y LEYENDAS DE MADRID,NOVIEMBRE,2023-11-18T00:00:00.000+01:00,10,10,10,10,La leyenda de los gatos,La leyenda de la cruz porque decapitan,Mejor de lo que esperaba,Continuar en el año 2024,10.0
16,MADRID EN FEMENINO,JUNIO,2023-06-17T00:00:00.000+02:00,9,10,10,10,La manera de explicar del guía,El calor,Mejor de lo que esperaba,"En algunos puntos, por el ruido acústico de los coches, no se oía del todo bien o bajito",9.666666666666666
7,LA HISTORIA IMPRESCINDIBLE DE MADRID,ABRIL,2023-04-14T00:00:00.000+02:00,10,10,10,10,La monitora extraordinaria,Todo me ha encantado,Mejor de lo que esperaba,Mejor realizarlo en diario,10.0
1,HISTORIAS Y LEYENDAS DE MADRID,NOVIEMBRE,2023-11-03T00:00:00.000+01:00,7,9,8,7,La muralla,Calle pasa,Peor de lo que esperaba,Rutas Sierra madrid,8.0
5,LA HISTORIA IMPRESCINDIBLE DE MADRID,SEPTIEMBRE,2023-09-08T00:00:00.000+02:00,10,10,10,10,La muralla,Me ha gustado todo,Como esperaba,No tengo,10.0
25,MUJERES QUE HAN HECHO HISTORIA EN MADRID,NOVIEMBRE,2023-11-25T00:00:00.000+01:00,10,10,10,10,La narración de la guia,Se me ha hecho corta,Mejor de lo que esperaba,Que se realicen más visitas de este tipo y se haga más difusión de las musmas,10.0
28,LA HISTORIA IMPRESCINDIBLE DE MADRID,NOVIEMBRE,2023-11-26T00:00:00.000+01:00,10,10,10,10,La narración de la guia alexasandra  muy bien,Que se me ha hecho corta la visita,Mejor de lo que esperaba,Organizar más visitas guiadas de este tipo de historia de Madrid.,10.0
2,MADRID HISTÓRICO,Mayo,2023-05-05T00:00:00.000+02:00,10,10,10,10,La pedagogía de la explicación y ruta,"Nada,todo ha sido positivo",Mejor de lo que esperaba,,10.0
19,MADRID MONUMENTAL,JULIO,2023-07-28T00:00:00.000+02:00,10,9,9,9,,Sin comentarios,Como esperaba,,9.333333333333334
10,MADRID EN FEMENINO,AGOSTO,2023-08-05T00:00:00.000+02:00,10,10,10,10,La plaza de la villa y su explicación desde 1400 a 1700.,La Calle Arenal sin Placa a Dña. Ma. Isidro de Guzmán y Lacerda,Mejor de lo que esperaba,Más días con intérprete de lengua de signos.,10.0
4,MADRID HISTÓRICO,FEBRERO,2023-02-05T00:00:00.000+01:00,10,10,10,10,La profesionalidad de la guía,Sin comentarios,Mejor de lo que esperaba,,10.0
1,MADRID MONUMENTAL,JUNIO,2023-06-02T00:00:00.000+02:00,10,10,10,10,La visita en general,Sin comentarios,Mejor de lo que esperaba,,10.0
24,LA NUEVA PLAZA DE ESPAÑA,NOVIEMBRE,2023-11-24T00:00:00.000+01:00,10,10,10,10,La voz clara de la guía. El recorrido.,Los ladronzuelos.,Mejor de lo que esperaba,"Palacios, jardines, pueblos históricos.",10.0
24,SAN ISIDRO HISTORIA DE UN SANTO MADRILEÑO,JULIO,2023-07-30T00:00:00.000+02:00,10,10,10,10,,Sin comentarios,Como esperaba,,10.0
26,MADRID MONUMENTAL,SEPTIEMBRE,2023-09-22T00:00:00.000+02:00,10,10,10,10,La zona de Alcala,Nada,Mejor de lo que esperaba,Ninguna,10.0
32,MADRID MONUMENTAL,AGOSTO,2023-08-19T00:00:00.000+02:00,10,10,9,10,Las anécdotas y datos históricos,La hora,,,9.666666666666666
;Mejor de lo que esperaba;,,,,,,,,,Sin comentarios,,,
34,MADRID EN FEMENINO,SEPTIEMBRE,2023-09-30T00:00:00.000+02:00,10,7,8,8,Las calles por las que hemos ido,Sin comentarios,Peor de lo que esperaba,"Estructurar, ordenar mejor el hilo de la explicación",8.333333333333334
28,HISTORIAS Y LEYENDAS DE MADRID,AGOSTO,2023-08-19T00:00:00.000+02:00,9,10,9,9,"Las calles por las que hemos ido, que no conocía",Alguna cosa que la guía no sabía,Mejor de lo que esperaba,Que esté más pensada para ser accesible,9.333333333333334
28,MADRID EN FEMENINO,ABRIL,2023-04-28T00:00:00.000+02:00,10,8,8,8,Las explicaciines,"El sonido, hace falta auriculares",Como esperaba,,8.666666666666666
27,MADRID EN FEMENINO,ABRIL,2023-04-28T00:00:00.000+02:00,10,10,10,10,Las explicaciones,Sin comentarios,Como esperaba,,10.0
21,MADRID EN FEMENINO,AGOSTO,2023-08-12T00:00:00.000+02:00,10,9,9,10,Las explicaciones,Sin comentarios,Mejor de lo que esperaba,,9.333333333333334
27,HISTORIAS Y LEYENDAS DE MADRID,SEPTIEMBRE,2023-09-23T00:00:00.000+02:00,9,9,9,9,Las explicaciones,Todo ha estado bien,Como esperaba,Anunciarlo mas,9.0
4,LA HISTORIA IMPRESCINDIBLE DE MADRID,ABRIL,2023-04-09T00:00:00.000+02:00,10,8,6,7,,Sin comentarios,Como esperaba,Mejorar la calidad del profesional de este recorrido.,8.0
28,HISTORIAS Y LEYENDAS DE MADRID,SEPTIEMBRE,2023-09-23T00:00:00.000+02:00,10,10,10,10,Las explicaciones,Nada,Como esperaba,Hacer más rutas para poder conocer mejor mi ciudad de residencia,10.0
12,LA HISTORIA IMPRESCINDIBLE DE MADRID,AGOSTO,2023-08-11T00:00:00.000+02:00,10,10,10,10,,Sin comentarios,Como esperaba,,10.0
30,LA NUEVA PLAZA DE ESPAÑA,SEPTIEMBRE,2023-09-29T00:00:00.000+02:00,10,10,10,10,Las explicaciones,Sin comentarios,Mejor de lo que esperaba,,10.0
15,MADRID EN FEMENINO,JUNIO,2023-06-17T00:00:00.000+02:00,10,10,10,10,Las explicaciones de cada parada. Jorge nos ha contado curiosidades muy interesantes.,Había zonas donde no se escuchaba bien al guía. A lo mejor un micro para solventar el ruido del tráfico y zonas con más bullicio?,Mejor de lo que esperaba,"Micro para el guia. XXX lo ha hecho genial, pero a veces costaba escucharlo por el ruido.",10.0
4,MADRID HISTÓRICO,ENERO,2023-01-13T00:00:00.000+01:00,10,10,10,10,Las explicaciones de la  guía,Nada,Mejor de lo que esperaba,Ninguna,10.0
30,MADRID MONUMENTAL,OCTUBRE,2023-10-20T00:00:00.000+02:00,10,10,10,10,Las explicaciones de la guia,Nada,Como esperaba,Hacer mas recorridos,10.0
21,MADRID HISTÓRICO,JULIO,2023-07-28T00:00:00.000+02:00,10,10,10,10,Las explicaciones de la guia,Nada,Mejor de lo que esperaba,,10.0
9,LA HISTORIA IMPRESCINDIBLE DE MADRID,JUNIO,2023-06-16T00:00:00.000+02:00,10,10,10,10,Las explicaciones de la guia,Todo ha sido satisfactorio,Mejor de lo que esperaba,,10.0
29,COMPRAS TÍPICAS DE NAVIDAD,DICIEMBRE,2023-12-08T00:00:00.000+01:00,10,10,10,10,Las explicaciones de la guia y su paciencia con tantísima gente .,Nada,Mejor de lo que esperaba,,10.0
33,LA NUEVA PLAZA DE ESPAÑA,OCTUBRE,2023-10-21T00:00:00.000+02:00,10,10,10,10,"Las explicaciones de la guia, así como el recorrido y el contenido histórico del mismo",Nada,Mejor de lo que esperaba,,10.0
31,HISTORIAS Y LEYENDAS DE MADRID,AGOSTO,2023-08-19T00:00:00.000+02:00,10,10,10,10,Las explicaciones de la guía.,Todo me ha gustado,Mejor de lo que esperaba,,10.0
10,"LEYENDAS, CASAS ENCANTADAS Y LUCES EN  NAVIDAD",DICIEMBRE,2023-12-10T00:00:00.000+01:00,10,10,10,10,Las explicaciones de la guía. Muy ameno y un grupo muy controlado 8 personas.,Nada que aportar,Como esperaba,Nada que aportar.,10.0
1,"LEYENDAS, CASAS ENCANTADAS Y LUCES",ENERO,2023-01-07T00:00:00.000+01:00,10,10,10,10,Las explicaciones de lugares por donde he pasado muchas veces y he visto y conocido cosa de las que no tenía ni idea. Me ayuda a conocer mi ciudad.,Qué hagan tan pocas,Mejor de lo que esperaba,Qué hagan más y para todos los públicos.,10.0
31,MADRID MONUMENTAL,OCTUBRE,2023-10-20T00:00:00.000+02:00,10,10,10,10,"Las explicaciones de , la guia.",Hasta el clima ha acompañado hoy,Mejor de lo que esperaba,Ampliar recorridos,10.0
25,LA LATINA Y EL MUSEO DE LOS ORIGENES,AGOSTO,2023-08-13T00:00:00.000+02:00,9,10,9,9,,Sin comentarios,Mejor de lo que esperaba,,9.333333333333334
24,LA HISTORIA IMPRESCINDIBLE DE MADRID,OCTUBRE,2023-10-14T00:00:00.000+02:00,10,10,10,10,Las explicaciones del guia,Nada,Como esperaba,Hacer mas recorridos por otras zonas,10.0
11,SAN ISIDRO HISTORIA DE UN SANTO MADRILEÑO,ABRIL,2023-04-16T00:00:00.000+02:00,10,8,9,9,Las explicaciones del guia y las visitas,La afluencia de gente al ser domingo y próximo al centro,Como esperaba,Cambiar al guía,9.0
2,SAN ISIDRO HISTORIA DE UN SANTO MADRILEÑO,ABRIL,2023-04-07T00:00:00.000+02:00,10,10,10,10,Las explicaciones del guía.,Sin comentarios,Mejor de lo que esperaba,,10.0
29,HISTORIAS Y LEYENDAS DE MADRID,AGOSTO,2023-08-19T00:00:00.000+02:00,10,10,10,10,,Sin comentarios,Como esperaba,,10.0
12,MADRID EN FEMENINO,JULIO,2023-07-15T00:00:00.000+02:00,10,8,7,8,Las explicaciones historicas,La desorganización de la explicación,Mejor de lo que esperaba,,8.333333333333334
41,MADRID MONUMENTAL,OCTUBRE,2023-10-29T00:00:00.000+02:00,10,10,10,10,Las explicaciones q nos ha dado .,Nada,Mejor de lo que esperaba,Ninguna,10.0
8,CERVANTES Y LAS LETRAS,ENERO,2023-01-15T00:00:00.000+01:00,10,10,10,10,Las explicaciones tan detalladas y tan bien comentadas,Todo perfecto y muy interesante,Mejor de lo que esperaba,,10.0
31,LA NUEVA PLAZA DE ESPAÑA,SEPTIEMBRE,2023-09-29T00:00:00.000+02:00,9,10,10,10,Las explicaciones y el recorrido,Sin comentarios,Como esperaba,,9.666666666666666
18,LA LATINA Y EL MUSEO DE LOS ORIGENES,JUNIO,2023-06-23T00:00:00.000+02:00,10,10,10,10,Las explicaciones y la accesibilidad garantizada,Sin comentarios,Mejor de lo que esperaba,,10.0
10,LA HISTORIA IMPRESCINDIBLE DE MADRID,JUNIO,2023-06-16T00:00:00.000+02:00,9,10,10,10,Las explicaciones y trato,Sin comentarios,Mejor de lo que esperaba,,9.666666666666666
24,LA NUEVA PLAZA DE ESPAÑA,AGOSTO,2023-08-13T00:00:00.000+02:00,10,10,10,10,"Las explicaciones, la nueva ruta remodelación al llegar a plaza España desde el palacio la panorámica templo de Debod",La acceso a templo Debod,Mejor de lo que esperaba,Muy corto,10.0
16,LA LATINA Y EL MUSEO DE LOS ORIGENES,JULIO,2023-07-21T00:00:00.000+02:00,10,7,8,7,Las indicaciones curiosas sobre la historia medieval,Ha sido algo rápido,Como esperaba,,8.333333333333334
27,HISTORIAS Y LEYENDAS DE MADRID,OCTUBRE,2023-10-15T00:00:00.000+02:00,10,10,10,10,Las leyendas,Nada,Como esperaba,Que haya mas recorridos por otras partes de la ciudad,10.0
1,TRADICIONES NAVIDEÑAS,DICIEMBRE,2023-12-02T00:00:00.000+01:00,9,9,9,9,Las leyendas,Me ha gustado todo,Como esperaba,Ninguna,9.0
7,"LEYENDAS, CASAS ENCANTADAS Y LUCES EN  NAVIDAD",DICIEMBRE,2023-12-10T00:00:00.000+01:00,10,10,10,10,Las leyendas y la manera de contarlas,Había mucha gente por la calle y es muy incómodo,Mejor de lo que esperaba,Más temáticas para futuras visitas,10.0
29,LA HISTORIA IMPRESCINDIBLE DE MADRID,NOVIEMBRE,2023-11-26T00:00:00.000+01:00,10,10,10,10,Llevo 9 años coincidiendo con  en diferentes empresas y recorridos y es una guía encantadora. Me ha gustado el conocimiento del barrio y curiosidades.,Que no quedan plazas para la de la semana que viene que hace ella.,Mejor de lo que esperaba,Poder elegir esta guía en los siguientes recorridos.,10.0
13,HISTORIAS Y LEYENDAS DE MADRID,Mayo,2023-05-27T00:00:00.000+02:00,10,10,10,10,Lo ameno de la visita ,Se me ha hecho muy corto,Mejor de lo que esperaba,,10.0
23,LA HISTORIA IMPRESCINDIBLE DE MADRID,OCTUBRE,2023-10-14T00:00:00.000+02:00,10,9,10,10,Lo didáctico que es el guia,Todo fenomenal real,Mejor de lo que esperaba,Realizar más visitas,9.666666666666666
13,MADRID EN FEMENINO,JUNIO,2023-06-17T00:00:00.000+02:00,10,10,10,10,"Los conocimientos mostrados por el guía,","La calzada romana, que hacía botar a quienes íbamos en silla de ruedas",Mejor de lo que esperaba,,10.0
11,LA LATINA Y EL MUSEO DE LOS ORIGENES,NOVIEMBRE,2023-11-19T00:00:00.000+01:00,10,10,10,10,Los guias,Nada,Mejor de lo que esperaba,Que las hagan mas cortas para personas con menos mivilidad,10.0
12,LA NUEVA PLAZA DE ESPAÑA,SEPTIEMBRE,2023-09-10T00:00:00.000+02:00,10,10,10,10,,Sin comentarios,Mejor de lo que esperaba,,10.0
16,LA HISTORIA IMPRESCINDIBLE DE MADRID,AGOSTO,2023-08-11T00:00:00.000+02:00,10,10,10,10,Me gusta mucho,Si gusta,Mejor de lo que esperaba,Buena calidad,10.0
14,LA NUEVA PLAZA DE ESPAÑA,SEPTIEMBRE,2023-09-10T00:00:00.000+02:00,10,10,10,10,Me gusta mucho Plaza España,Algunos menos,Mejor de lo que esperaba,Muy bien práctica,10.0
15,LA LATINA Y EL MUSEO DE LOS ORIGENES,SEPTIEMBRE,2023-09-16T00:00:00.000+02:00,10,10,10,10,,Sin comentarios,Mejor de lo que esperaba,,10.0
3,HISTORIAS Y LEYENDAS DE MADRID,OCTUBRE,2023-10-06T00:00:00.000+02:00,10,10,10,10,Me gusta todo,Sin comentarios,Mejor de lo que esperaba,Quiero entrar el palacio real,10.0
17,"LEYENDAS, CASAS ENCANTADAS Y LUCES EN  NAVIDAD CON ILSE",DICIEMBRE,2023-12-17T00:00:00.000+01:00,10,10,10,10,Me gustado todos muy bueno historía,Todos me gustado,Mejor de lo que esperaba,Todos 10,10.0
18,"LEYENDAS, CASAS ENCANTADAS Y LUCES EN  NAVIDAD CON ILSE",DICIEMBRE,2023-12-17T00:00:00.000+01:00,8,7,9,9,Me gusto,Si me gusto,Mejor de lo que esperaba,Seguir,8.0
3,MADRID HISTÓRICO,ENERO,2023-01-13T00:00:00.000+01:00,10,10,10,10,Me ha gustado todo. He salido encantada,Me ha gustado todo,Mejor de lo que esperaba,,10.0
18,MADRID HISTÓRICO,FEBRERO,2023-02-26T00:00:00.000+01:00,10,10,10,10,Me resultó todo muy interesante,Nos faltó tiempo,Mejor de lo que esperaba,Que nos sigan funcionando por mucho tiempo estas salidas,10.0
2,HISTORIAS Y LEYENDAS DE MADRID,OCTUBRE,2023-10-06T00:00:00.000+02:00,10,10,10,10,Muchas,Sin comentarios,Mejor de lo que esperaba,,10.0
9,MADRID EN FEMENINO,AGOSTO,2023-08-05T00:00:00.000+02:00,10,10,10,10,Mujeres olvidadas de Madrid,Sin comentarios,Mejor de lo que esperaba,Más amplia de mujeres olvidadas,10.0
13,LA HISTORIA IMPRESCINDIBLE DE MADRID,AGOSTO,2023-08-11T00:00:00.000+02:00,10,10,10,10,Muralla cristiana,Sin comentarios,Mejor de lo que esperaba,,10.0
18,LA LATINA Y EL MUSEO DE LOS ORIGENES,NOVIEMBRE,2023-11-19T00:00:00.000+01:00,10,10,10,10,Museo,Nada,Mejor de lo que esperaba,Ninguna,10.0
17,LA LATINA Y EL MUSEO DE LOS ORIGENES,JULIO,2023-07-21T00:00:00.000+02:00,10,9,9,9,Museo,Nada,Mejor de lo que esperaba,,9.333333333333334
6,LA LATINA Y EL MUSEO DE LOS ORIGENES,OCTUBRE,2023-10-07T00:00:00.000+02:00,10,10,10,10,Museo,Nada,Como esperaba,Un poco más de tiempo,10.0
13,LA LATINA Y EL MUSEO DE LOS ORIGENES,NOVIEMBRE,2023-11-19T00:00:00.000+01:00,8,8,7,8,Museo de los orígenes,No hay nada que me disguste,Como esperaba,Algún recuerdo,7.666666666666667
12,LA LATINA Y EL MUSEO DE LOS ORIGENES,NOVIEMBRE,2023-11-19T00:00:00.000+01:00,10,8,10,9,Museo de los orígenes y curiosidades que nos ha contado el guia,Todo me gustó,Mejor de lo que esperaba,Ninguna,9.333333333333334
19,LA LATINA Y EL MUSEO DE LOS ORIGENES,NOVIEMBRE,2023-11-19T00:00:00.000+01:00,8,7,6,7,museo de San Isidro,Rápido,Mejor de lo que esperaba,ninguna,7.0
18,LA LATINA Y EL MUSEO DE LOS ORIGENES,SEPTIEMBRE,2023-09-16T00:00:00.000+02:00,8,10,10,10,Museo san isidro,Todos me gusta mucho!,Mejor de lo que esperaba,Sigues los museos y culturas,9.333333333333334
34,LA HISTORIA IMPRESCINDIBLE DE MADRID,AGOSTO,2023-08-26T00:00:00.000+02:00,10,10,10,10,Muy ameno,Nada,Mejor de lo que esperaba,,10.0
16,LA LATINA Y EL MUSEO DE LOS ORIGENES,SEPTIEMBRE,2023-09-16T00:00:00.000+02:00,10,10,10,10,Muy bien,Bien,Mejor de lo que esperaba,Buenos,10.0
25,LA LATINA Y EL MUSEO DE LOS ORIGENES,JULIO,2023-07-30T00:00:00.000+02:00,10,8,7,8,Orígenes de San Isidro,Nada,Mejor de lo que esperaba,Me encanta mucho historia,8.333333333333334
10,LA NUEVA PLAZA DE ESPAÑA,SEPTIEMBRE,2023-09-10T00:00:00.000+02:00,9,9,9,9,Parque natural,Muy interesante cosas de historia de Madrid,Mejor de lo que esperaba,Prefiero otra vez turismo dentro de Palacio Real.,9.0
26,MUJERES QUE HAN HECHO HISTORIA EN MADRID,NOVIEMBRE,2023-11-25T00:00:00.000+01:00,10,10,10,10,Plaza de la villa me a gustado,Me a gustado to mucho,Mejor de lo que esperaba,Más Madrid,10.0
9,LA NUEVA PLAZA DE ESPAÑA,SEPTIEMBRE,2023-09-10T00:00:00.000+02:00,10,8,10,10,Plaza de Mayor,Ninguna,Mejor de lo que esperaba,,9.333333333333334
8,MADRID EN FEMENINO,JUNIO,2023-06-10T00:00:00.000+02:00,9,9,9,8,Plaza de ramales,La suciedad en la calle,Mejor de lo que esperaba,Hacer una ruta sobre el Madrid modernista,9.0
11,HISTORIAS Y LEYENDAS DE MADRID,Mayo,2023-05-27T00:00:00.000+02:00,10,10,10,10,Plaza del codo,Ninguna ,Como esperaba,,10.0
8,LA NUEVA PLAZA DE ESPAÑA,SEPTIEMBRE,2023-09-10T00:00:00.000+02:00,10,10,10,10,Plaza españa,Sin comentarios,Mejor de lo que esperaba,,10.0
4,HISTORIAS Y LEYENDAS DE MADRID,OCTUBRE,2023-10-06T00:00:00.000+02:00,10,8,6,7,,Sin comentarios,,,8.0
12,LA NUEVA PLAZA DE ESPAÑA,OCTUBRE,2023-10-08T00:00:00.000+02:00,5,5,6,6,Plaza España,Nada,Peor de lo que esperaba,,5.333333333333333
8,MADRID EN FEMENINO,AGOSTO,2023-08-05T00:00:00.000+02:00,8,6,7,7,Plaza Mayor,Sin comentarios,Como esperaba,Debería un interpete de Lse de cada uno de diferentes recorridos para fomentar mas la cultura hacia la comunidad sorda.,7.0
6,LA NUEVA PLAZA DE ESPAÑA,SEPTIEMBRE,2023-09-10T00:00:00.000+02:00,10,10,10,10,Plaza Ramales y Plaza España,Sin comentarios,Mejor de lo que esperaba,,10.0
14,"LEYENDAS, CASAS ENCANTADAS Y LUCES EN  NAVIDAD CON ILSE",DICIEMBRE,2023-12-17T00:00:00.000+01:00,10,9,10,10,Puerta de Sol,Nada,Mejor de lo que esperaba,General bien!!!,9.666666666666666
20,MADRID EN FEMENINO,AGOSTO,2023-08-12T00:00:00.000+02:00,10,10,10,10,Que al ser el primer día de mi pareja visitando en Madrid te has ofrecido a contarnos cosas de historia además de mujeres. Buena visita. Gracias Alejandra.,Nada,Mejor de lo que esperaba,Nada,10.0
22,LA NUEVA PLAZA DE ESPAÑA,NOVIEMBRE,2023-11-24T00:00:00.000+01:00,10,10,10,10,Recorrido en general,Sin comentarios,Como esperaba,Ruta x pueblos con encanto,10.0
11,MADRID EN FEMENINO,JULIO,2023-07-15T00:00:00.000+02:00,10,7,5,6,Recrrido,Sin comentarios,Peor de lo que esperaba,"Creo que el discurso ha sido poco hilado, hacer relatos más coherentes",7.333333333333333
17,LA LATINA Y EL MUSEO DE LOS ORIGENES,NOVIEMBRE,2023-11-19T00:00:00.000+01:00,6,7,8,8,Restos elefante,Todo me ha gustado,Mejor de lo que esperaba,Nimguna,7.0
4,TRADICIONES NAVIDEÑAS,DICIEMBRE,2023-12-02T00:00:00.000+01:00,6,6,7,7,Se conocen nuevos sitios y se ven de diferente forma,Los nombres de las visitas no se corresponde con la que hemos tenido,Como esperaba,Utilizar altavoces individuales,6.333333333333333
11,LA NUEVA PLAZA DE ESPAÑA,SEPTIEMBRE,2023-09-10T00:00:00.000+02:00,10,10,8,10,Si,Sin comentarios,Mejor de lo que esperaba,,9.333333333333334
16,"LEYENDAS, CASAS ENCANTADAS Y LUCES EN  NAVIDAD CON ILSE",DICIEMBRE,2023-12-17T00:00:00.000+01:00,6,6,7,7,Si,Todo me gustó mucho,Mejor de lo que esperaba,Seguir con intérprete LSE,6.333333333333333
19,"LEYENDAS, CASAS ENCANTADAS Y LUCES EN  NAVIDAD CON ILSE",DICIEMBRE,2023-12-17T00:00:00.000+01:00,7,9,8,7,Si,Si,Mejor de lo que esperaba,Si,8.0
36,LA LATINA Y EL MUSEO DE LOS ORIGENES,OCTUBRE,2023-10-22T00:00:00.000+02:00,10,10,10,10,Si,Todos,Como esperaba,Si,10.0
15,"LEYENDAS, CASAS ENCANTADAS Y LUCES EN  NAVIDAD CON ILSE",DICIEMBRE,2023-12-17T00:00:00.000+01:00,10,10,10,10,Si,Depende,Como esperaba,Muy bien,10.0
20,LA LATINA Y EL MUSEO DE LOS ORIGENES,SEPTIEMBRE,2023-09-16T00:00:00.000+02:00,10,10,10,10,Si gusta más en museo de orígenes,Menos algunos,Mejor de lo que esperaba,Perfecto,10.0
5,HISTORIAS Y LEYENDAS DE MADRID,OCTUBRE,2023-10-06T00:00:00.000+02:00,10,10,10,10,Si gusta mucho,Igual,Mejor de lo que esperaba,Me encanta mucho,10.0
34,LA LATINA Y EL MUSEO DE LOS ORIGENES,OCTUBRE,2023-10-22T00:00:00.000+02:00,10,10,10,10,Si todo,Nada,Mejor de lo que esperaba,Seguir con más itinerarios,10.0
29,SAN ISIDRO HISTORIA DE UN SANTO MADRILEÑO,ABRIL,2023-04-29T00:00:00.000+02:00,10,10,10,10,Subir al sepulcro,Sin comentarios,Como esperaba,,10.0
9,HISTORIAS Y LEYENDAS DE MADRID,Mayo,2023-05-27T00:00:00.000+02:00,10,10,10,10,Súper bien explicado y el guía un encanto y muy simpático que nos ha llenado de grata información por el bello Madrid ,Todo me gustó ,Mejor de lo que esperaba,,10.0
3,MADRID EN FEMENINO,ABRIL,2023-04-08T00:00:00.000+02:00,10,10,10,10,Sus explicaciones,Me ha gustado todo,Mejor de lo que esperaba,Más explicaciones por parte del guia,10.0
5,LA NUEVA PLAZA DE ESPAÑA,JUNIO,2023-06-09T00:00:00.000+02:00,9,9,8,9,Templo Debod,Me ha gustado todo,Como esperaba,Iglesias de Madrid,8.666666666666666
1,MADRID EN FEMENINO,SEPTIEMBRE,2023-09-02T00:00:00.000+02:00,10,10,10,10,Tido,Nada,Como esperaba,,10.0
31,COMPRAS TÍPICAS DE NAVIDAD,DICIEMBRE,2023-12-08T00:00:00.000+01:00,8,8,8,8,,Sin comentarios,Como esperaba,Planificar mejor la ruta accesible,8.0
22,LA LATINA Y EL MUSEO DE LOS ORIGENES,SEPTIEMBRE,2023-09-16T00:00:00.000+02:00,10,10,10,10,Toda de Latina,Ninguno,Mejor de lo que esperaba,Muy Interesante..,10.0
4,LA HISTORIA IMPRESCINDIBLE DE MADRID,Mayo,2023-05-19T00:00:00.000+02:00,10,10,10,10,"Toda la información recibida fue excelente, el intérprete y la chica encargada del tour han sido fantástico ",Sin comentarios,Mejor de lo que esperaba,,10.0
9,MADRID HISTÓRICO,FEBRERO,2023-02-18T00:00:00.000+01:00,10,10,10,10,Toda la visita,Sin comentarios,Como esperaba,Hacer  más visitas,10.0
5,LA NUEVA PLAZA DE ESPAÑA,JULIO,2023-07-07T00:00:00.000+02:00,10,10,10,10,Toda la visita,Me gustó todo,Mejor de lo que esperaba,,10.0
2,LA NUEVA PLAZA DE ESPAÑA,JULIO,2023-07-07T00:00:00.000+02:00,10,10,10,10,Toda la visita,Sin comentarios,Mejor de lo que esperaba,,10.0
21,TRADICIONES NAVIDEÑAS,DICIEMBRE,2023-12-30T00:00:00.000+01:00,10,10,10,10,"Todas las explicaciones de Cristian, y su conocimiento de toda la temática de la visita.",Nada,Mejor de lo que esperaba,No tengo ninguna sugerencia,10.0
27,HISTORIAS Y LEYENDAS DE MADRID,AGOSTO,2023-08-19T00:00:00.000+02:00,10,10,10,10,Todas las historias,La caminata,Mejor de lo que esperaba,,10.0
21,MADRID EN FEMENINO,ABRIL,2023-04-15T00:00:00.000+02:00,10,0,0,0,,El guía,Peor de lo que esperaba,"Que cambien al guía, es el peor guía que he tenido en una vista guiada",3.3333333333333335
10,HISTORIAS Y LEYENDAS DE MADRID,NOVIEMBRE,2023-11-18T00:00:00.000+01:00,9,10,10,10,Todo,Satisfecho,Mejor de lo que esperaba,Qué continue en el 2024 y más itinerarios.,9.666666666666666
38,LA LATINA Y EL MUSEO DE LOS ORIGENES,OCTUBRE,2023-10-22T00:00:00.000+02:00,8,8,8,8,Todo,Nada,Como esperaba,.,8.0
3,HISTORIAS Y LEYENDAS DE MADRID,JUNIO,2023-06-03T00:00:00.000+02:00,10,10,10,10,Todo,Bajada de cuestas y mucho turismo,Como esperaba,,10.0
4,LA NUEVA PLAZA DE ESPAÑA,JULIO,2023-07-07T00:00:00.000+02:00,10,10,10,10,Todo,Todo muy interesante,Mejor de lo que esperaba,Empezar antes la visita para evitar el calor,10.0
16,MADRID HISTÓRICO,FEBRERO,2023-02-26T00:00:00.000+01:00,10,10,10,10,Todo,Sin comentarios,,Inquisición madrid,10.0
33,LA HISTORIA IMPRESCINDIBLE DE MADRID,ABRIL,2023-04-30T00:00:00.000+02:00,10,10,10,10,,Palacio Real el menú enviar lo,Mejor de lo que esperaba,,10.0
21,MADRID MONUMENTAL,JUNIO,2023-06-30T00:00:00.000+02:00,10,10,10,10,todo,no tener acceso años oriculLares,Mejor de lo que esperaba,la falta de auriculares,10.0
2,MADRID EN FEMENINO,SEPTIEMBRE,2023-09-02T00:00:00.000+02:00,10,10,10,10,Todo,Nada,Mejor de lo que esperaba,Nada,10.0
32,LA HISTORIA IMPRESCINDIBLE DE MADRID,ABRIL,2023-04-30T00:00:00.000+02:00,10,10,10,10,Todo,Nada,Mejor de lo que esperaba,Nada,10.0
2,MADRID HISTÓRICO,FEBRERO,2023-02-04T00:00:00.000+01:00,9,9,9,9,Todo,Nada,Como esperaba,,9.0
15,MADRID HISTÓRICO,FEBRERO,2023-02-26T00:00:00.000+01:00,10,10,10,10,Todo,Nada,Mejor de lo que esperaba,,10.0
5,LA HISTORIA IMPRESCINDIBLE DE MADRID,ABRIL,2023-04-09T00:00:00.000+02:00,10,6,5,5,,Sin comentarios,Peor de lo que esperaba,Que siga funcionando,7.0
10,SAN ISIDRO HISTORIA DE UN SANTO MADRILEÑO,ABRIL,2023-04-16T00:00:00.000+02:00,10,9,9,9,Todo,Nada,Mejor de lo que esperaba,,9.333333333333334
8,HISTORIAS Y LEYENDAS DE MADRID,NOVIEMBRE,2023-11-18T00:00:00.000+01:00,8,8,8,8,,Sin comentarios,Como esperaba,,8.0
10,LA HISTORIA IMPRESCINDIBLE DE MADRID,ENERO,2023-01-20T00:00:00.000+01:00,9,9,9,9,Todo,Nada,Como esperaba,Ninguna,9.0
9,SAN ISIDRO HISTORIA DE UN SANTO MADRILEÑO,ENERO,2023-01-20T00:00:00.000+01:00,10,10,10,10,Todo,Nads,Como esperaba,Ninguna,10.0
26,TRADICIONES NAVIDEÑAS CON ILSE,DICIEMBRE,2023-12-01T00:00:00.000+01:00,10,10,10,10,Todo,Nada,Como esperaba,,10.0
7,CERVANTES Y LAS LETRAS,Mayo,2023-05-26T00:00:00.000+02:00,10,10,10,10,Todo,Nada,Mejor de lo que esperaba,Poner auriculares,10.0
29,HISTORIAS Y LEYENDAS DE MADRID,OCTUBRE,2023-10-15T00:00:00.000+02:00,10,10,10,10,Todo,Sin comentarios,Mejor de lo que esperaba,Que siga haciendo nuevos recorridos,10.0
10,HISTORIAS Y LEYENDAS DE MADRID,Mayo,2023-05-27T00:00:00.000+02:00,10,10,10,10,Todo,Sin comentarios,Mejor de lo que esperaba,,10.0
2,MADRID MONUMENTAL,JUNIO,2023-06-02T00:00:00.000+02:00,10,10,10,10,Todo,Sin comentarios,Como esperaba,,10.0
18,LA LATINA Y EL MUSEO DE LOS ORIGENES,JULIO,2023-07-21T00:00:00.000+02:00,10,10,10,10,Todo,Sin comentarios,Como esperaba,,10.0
9,SAN ISIDRO HISTORIA DE UN SANTO MADRILEÑO,ABRIL,2023-04-16T00:00:00.000+02:00,10,8,7,7,,Excesivo gente es mejor día dediario,Como esperaba,Realizarlo en diario,8.333333333333334
11,LA HISTORIA IMPRESCINDIBLE DE MADRID,AGOSTO,2023-08-11T00:00:00.000+02:00,10,10,10,10,Todo,Sin comentarios,Mejor de lo que esperaba,,10.0
23,LA NUEVA PLAZA DE ESPAÑA,NOVIEMBRE,2023-11-24T00:00:00.000+01:00,9,10,10,10,Todo,Sin comentarios,Como esperaba,Ruta pueblos bonitos de madrid,9.666666666666666
40,MUJERES QUE HAN HECHO HISTORIA EN MADRID,OCTUBRE,2023-10-28T00:00:00.000+02:00,9,8,6,8,Todo,Nada,Como esperaba,Rutas por municipios de Madrid y pueblos pintorescos,7.666666666666667
23,TRADICIONES NAVIDEÑAS CON ILSE,DICIEMBRE,2023-12-01T00:00:00.000+01:00,7,9,6,6,Todo,Sin comentarios,Como esperaba,,7.333333333333333
42,MADRID MONUMENTAL,OCTUBRE,2023-10-29T00:00:00.000+02:00,9,8,9,9,Todo,Nada,Mejor de lo que esperaba,Rutas pueblos bonitos de madrid,8.666666666666666
32,"LEYENDAS, CASAS ENCANTADAS Y LUCES EN  NAVIDAD CON ILSE",DICIEMBRE,2023-12-17T00:00:00.000+01:00,10,10,10,10,Todo,Todo muy interesante,Mejor de lo que esperaba,Seguir asi,10.0
8,"LEYENDAS, CASAS ENCANTADAS Y LUCES EN  NAVIDAD",DICIEMBRE,2023-12-10T00:00:00.000+01:00,10,10,10,10,Todo,Mucha gente,Mejor de lo que esperaba,Siempre se puede mejorar,10.0
13,MADRID HISTÓRICO,FEBRERO,2023-02-18T00:00:00.000+01:00,10,10,10,10,Todo,Sin comentarios,Mejor de lo que esperaba,Visitas en otros dias entre semana,10.0
28,COMPRAS TÍPICAS DE NAVIDAD,DICIEMBRE,2023-12-08T00:00:00.000+01:00,9,9,8,10,,Nada,Como esperaba,Rutas pueblos bonitos,8.666666666666666
30,HISTORIAS Y LEYENDAS DE MADRID,AGOSTO,2023-08-19T00:00:00.000+02:00,7,10,10,10,Todo,El calor que hacía,Como esperaba,,9.0
17,MUJERES QUE HAN HECHO HISTORIA EN MADRID,OCTUBRE,2023-10-13T00:00:00.000+02:00,10,10,10,10,Todo,Nada,Mejor de lo que esperaba,"Empezar a las 12, 30 h.",10.0
7,MADRID EN FEMENINO,AGOSTO,2023-08-05T00:00:00.000+02:00,10,10,10,10,,Todo,Mejor de lo que esperaba,,10.0
7,CERVANTES Y LAS LETRAS,ENERO,2023-01-15T00:00:00.000+01:00,10,10,10,10,Todo,Nada,Mejor de lo que esperaba,,10.0
34,LA HISTORIA IMPRESCINDIBLE DE MADRID,ABRIL,2023-04-30T00:00:00.000+02:00,10,10,10,10,Todo,Nada,Como esperaba,,10.0
22,LA NUEVA PLAZA DE ESPAÑA,AGOSTO,2023-08-12T00:00:00.000+02:00,10,10,10,10,Todo,Nada,Como esperaba,Ninguna,10.0
26,HISTORIAS Y LEYENDAS DE MADRID,AGOSTO,2023-08-18T00:00:00.000+02:00,10,10,10,10,Todo,Nada,Como esperaba,Ninguna,10.0
33,HISTORIAS Y LEYENDAS DE MADRID,AGOSTO,2023-08-25T00:00:00.000+02:00,10,10,10,10,Todo,Nada,Mejor de lo que esperaba,,10.0
27,TRADICIONES NAVIDEÑAS CON ILSE,DICIEMBRE,2023-12-01T00:00:00.000+01:00,7,8,8,8,,Sin comentarios,Mejor de lo que esperaba,,7.666666666666667
22,TRADICIONES NAVIDEÑAS CON ILSE,DICIEMBRE,2023-12-01T00:00:00.000+01:00,10,10,10,10,Todo,Nada,Mejor de lo que esperaba,,10.0
17,MADRID HISTÓRICO,FEBRERO,2023-02-26T00:00:00.000+01:00,10,10,10,10,Todo  el ontenido,Sin comentarios,Mejor de lo que esperaba,Madrid inquisicion,10.0
20,LA LATINA Y EL MUSEO DE LOS ORIGENES,JUNIO,2023-06-23T00:00:00.000+02:00,10,10,8,9,Todo el recorrido,Nada,Mejor de lo que esperaba,El horario es muy bueno,9.333333333333334
15,MUJERES QUE HAN HECHO HISTORIA EN MADRID,OCTUBRE,2023-10-13T00:00:00.000+02:00,10,10,10,10,Todo el recorrido y el guia,Nada,Mejor de lo que esperaba,Q nis den más tiempo de Ruta,10.0
8,MADRID HISTÓRICO,FEBRERO,2023-02-18T00:00:00.000+01:00,10,10,10,10,Todo en conjunto,No ha habido nada que no me haya gustado,Como esperaba,Visitas en días laborables,10.0
3,MADRID HISTÓRICO,ENERO,2023-01-13T00:00:00.000+01:00,10,10,10,10,Todo en general,Sin comentarios,Mejor de lo que esperaba,,10.0
6,MADRID HISTÓRICO,FEBRERO,2023-02-17T00:00:00.000+01:00,10,10,10,10,Todo en general,Nada,Mejor de lo que esperaba,"XXX  es muy agradable y profesional que se adapta al grupo perfectamente. Por favor,que no se quiten este tipo de eventos porque son muy enriquecedores y aprendes mucho con ellos además de conocer parte de la ciudad.",10.0
2,TRADICIONES NAVIDEÑAS,DICIEMBRE,2023-12-02T00:00:00.000+01:00,10,10,10,10,Todo en general,Un poco corto recorrido,Como esperaba,Más recorrido,10.0
14,MADRID HISTÓRICO,FEBRERO,2023-02-25T00:00:00.000+01:00,10,10,10,10,Todo en genersl,Sin comentarios,Como esperaba,Hacer ruta inquisición,10.0
13,"LEYENDAS, CASAS ENCANTADAS Y LUCES EN  NAVIDAD CON ILSE",DICIEMBRE,2023-12-17T00:00:00.000+01:00,9,9,8,7,Todo me gustó,Todo me gusto mucho,Mejor de lo que esperaba,Seguir asi,8.666666666666666
9,HISTORIAS Y LEYENDAS DE MADRID,NOVIEMBRE,2023-11-18T00:00:00.000+01:00,10,10,10,10,,Me ha gustado todas historia de Madrid,Mejor de lo que esperaba,Si la próxima me gustaría historia San Isidro,10.0
10,LA NUEVA PLAZA DE ESPAÑA,OCTUBRE,2023-10-08T00:00:00.000+02:00,10,10,10,10,Todo peatonal y las explicaciones muy acertadas,Sin comentarios,Mejor de lo que esperaba,Frente al Palacio Real hacer un pequeño desvío para ver la Almudena y ver la explanada que hay entre ambos edificios (que Letizia no pudo cruzar en su boda),10.0
3,LA NUEVA PLAZA DE ESPAÑA,JULIO,2023-07-07T00:00:00.000+02:00,10,10,10,10,Todo y el guía y interprete para personas sordas,Todo interesante,Mejor de lo que esperaba,,10.0
4,HISTORIAS Y LEYENDAS DE MADRID,JUNIO,2023-06-03T00:00:00.000+02:00,10,10,10,10,"Todo, la guia",Los otros turistas,Mejor de lo que esperaba,No,10.0
11,"LEYENDAS, CASAS ENCANTADAS Y LUCES EN  NAVIDAD CON ILSE",DICIEMBRE,2023-12-17T00:00:00.000+01:00,10,10,10,10,"Todo, muy interesante",Ok todo,Mejor de lo que esperaba,Que siga ruta con lse,10.0
12,MADRID HISTÓRICO,FEBRERO,2023-02-18T00:00:00.000+01:00,10,10,10,10,"Todo,ha sido muy interesante,conocer algunas mujeres de las cuales sabía poco",Sin comentarios,,,10.0
"\";;Mejor de lo que esperaba;\"Más visitas durante toda la semana,más horarios",,,,,,,,,Sin comentarios,,,
"\"",,,,,,,,,Sin comentarios,,,
28,HISTORIAS Y LEYENDAS DE MADRID,OCTUBRE,2023-10-15T00:00:00.000+02:00,9,9,10,10,Todoo,Nada,Como esperaba,,9.333333333333334
39,LA HISTORIA IMPRESCINDIBLE DE MADRID,OCTUBRE,2023-10-27T00:00:00.000+02:00,9,8,7,9,Todoo,Nada,Como esperaba,Rutas por municipios Madrid,8.0
17,MADRID EN FEMENINO,AGOSTO,2023-08-11T00:00:00.000+02:00,10,10,10,10,Todos,Diferente,Mejor de lo que esperaba,Me gusta todos gracias,10.0
17,LA LATINA Y EL MUSEO DE LOS ORIGENES,SEPTIEMBRE,2023-09-16T00:00:00.000+02:00,10,10,10,10,Todos,Nada,Como esperaba,Si,10.0
7,LA NUEVA PLAZA DE ESPAÑA,SEPTIEMBRE,2023-09-10T00:00:00.000+02:00,10,10,10,10,Todos,Sin comentarios,Mejor de lo que esperaba,,10.0
25,MADRID MONUMENTAL,SEPTIEMBRE,2023-09-17T00:00:00.000+02:00,10,10,10,10,Todos,Ninguno,Mejor de lo que esperaba,Horas 10h mejor,10.0
13,LA NUEVA PLAZA DE ESPAÑA,SEPTIEMBRE,2023-09-10T00:00:00.000+02:00,10,10,10,10,Todos impresionantes,Sin comentarios,Mejor de lo que esperaba,Todos me gustados,10.0
21,LA LATINA Y EL MUSEO DE LOS ORIGENES,SEPTIEMBRE,2023-09-16T00:00:00.000+02:00,10,10,10,10,Todos increíbles,Todos,Mejor de lo que esperaba,Muy bueno todas las Historias,10.0
12,LA HISTORIA IMPRESCINDIBLE DE MADRID,ENERO,2023-01-22T00:00:00.000+01:00,2,6,6,5,Una puerta antigua. El origen de la Almudena.,"\"Respeto que el guía sea una fuente inagotable de conocimientos, PERO ni la ruta es la anunciada (hicimos de la plaza Mayor a la Catedral en vez de acabar en Sol) ni el contenido era el esperado. Recibimos una sucesión de datos oscuros y nombres de reyes y personajes que a buen seguro harán las delicias de los locales, pero hacen que la ruta sea inaccesible para nadie que no sea de la ciudad y un friqui de la historia. Además los datos se presentan de forma descontextualizada. Añádase, casi ninguna referencia a nada del siglo XX, muy escasas las del XIX. Quizá no entendimos bien qué quería decir \"\"Hª Imprescindible\"\".",,,4.666666666666667
"Entiendo que es gratis y se agradece el servicio, pero mis días en Madrid han sido por desgracia escasos y lamento haber hecho la reserva. Gracias.",,,,,,,,,Sin comentarios,,,
"https://divulgaciontotal.com/w/?p=24323&amp\"",Peor de lo que esperaba,Creo que podrían indicar qué rutas son más indicadas para turistas y qué rutas son más aptas para locales o gente que ya renga un conocimiento profundo del tema.,,,,,,,Sin comentarios,,,
16,MUJERES QUE HAN HECHO HISTORIA EN MADRID,OCTUBRE,2023-10-13T00:00:00.000+02:00,10,10,10,10,"xxxx  nos lo ha explicado todo fenomenal, nos ha realizado un recorrido muy ameno, interesante y entretenido",.,Mejor de lo que esperaba,.,10.0
